tenure_group,monthly_charges_group,contract_type,internet_service,senior_citizen,payment_method,total_customers,churned_customers,churn_rate,avg_tenure_months,avg_monthly_charges,total_monthly_revenue,revenue_at_risk,avg_clv,avg_churn_risk_score,avg_engagement_score,high_risk_customers
0-6 mo,$30-$55,Month-to-Month,DSL,0,Electronic Check,1,1,1.0,2.0,31.84,31.84,31.84,191.04,50.0,2.0,0
0-6 mo,$30-$55,Month-to-Month,DSL,1,Electronic Check,2,0,0.0,5.0,40.98,81.96000000000001,0.0,245.88,72.5,2.5,2
0-6 mo,$30-$55,Month-to-Month,No Internet,0,Bank Transfer,1,1,1.0,5.0,39.72,39.72,39.72,238.32,55.0,2.0,0
0-6 mo,$30-$55,Month-to-Month,No Internet,0,Credit Card,1,0,0.0,5.0,34.87,34.87,0.0,209.22,85.0,3.0,1
0-6 mo,$30-$55,One Year,DSL,0,Bank Transfer,1,0,0.0,6.0,45.54,45.54,0.0,546.48,50.0,2.0,0
0-6 mo,$30-$55,One Year,DSL,0,Electronic Check,1,0,0.0,2.0,33.71,33.71,0.0,404.52,50.0,4.0,0
0-6 mo,$30-$55,One Year,Fiber Optic,1,Bank Transfer,2,0,0.0,4.0,40.14,80.28,0.0,481.68,35.0,2.0,0
0-6 mo,$30-$55,One Year,Fiber Optic,1,Mailed Check,1,0,0.0,5.0,46.95,46.95,0.0,563.4,50.0,2.0,0
0-6 mo,$30-$55,One Year,No Internet,0,Credit Card,1,0,0.0,2.0,31.68,31.68,0.0,380.16,45.0,3.0,0
0-6 mo,$30-$55,One Year,No Internet,0,Mailed Check,1,0,0.0,5.0,35.95,35.95,0.0,431.4,40.0,3.0,0
0-6 mo,$30-$55,One Year,No Internet,1,Electronic Check,1,0,0.0,6.0,42.88,42.88,0.0,514.56,50.0,4.0,0
0-6 mo,$30-$55,Two Year,DSL,0,Mailed Check,1,1,1.0,3.0,35.02,35.02,35.02,840.48,25.0,0.0,0
0-6 mo,$30-$55,Two Year,DSL,1,Bank Transfer,1,0,0.0,4.0,40.09,40.09,0.0,962.16,20.0,4.0,0
0-6 mo,$30-$55,Two Year,DSL,1,Mailed Check,1,0,0.0,2.0,47.17,47.17,0.0,1132.08,40.0,5.0,0
0-6 mo,$30-$55,Two Year,Fiber Optic,1,Mailed Check,1,0,0.0,2.0,42.99,42.99,0.0,1031.76,40.0,3.0,0
0-6 mo,$30-$55,Two Year,No Internet,1,Bank Transfer,1,1,1.0,2.0,36.01,36.01,36.01,864.24,40.0,1.0,0
0-6 mo,$30-$55,Two Year,No Internet,1,Electronic Check,1,1,1.0,6.0,46.68,46.68,46.68,1120.32,25.0,1.0,0
0-6 mo,$55-$75,Month-to-Month,DSL,0,Electronic Check,1,0,0.0,4.0,63.68,63.68,0.0,382.08,65.0,1.0,1
0-6 mo,$55-$75,Month-to-Month,DSL,1,Electronic Check,2,0,0.0,4.5,62.8,125.61,0.0,376.83,57.5,3.0,1
0-6 mo,$55-$75,Month-to-Month,Fiber Optic,0,Electronic Check,1,0,0.0,1.0,66.55,66.55,0.0,399.3,70.0,4.0,1
0-6 mo,$55-$75,Month-to-Month,Fiber Optic,1,Electronic Check,1,0,0.0,3.0,62.49,62.49,0.0,374.94,70.0,4.0,1
0-6 mo,$55-$75,Month-to-Month,No Internet,0,Electronic Check,1,0,0.0,1.0,55.59,55.59,0.0,333.54,60.0,4.0,1
0-6 mo,$55-$75,One Year,DSL,0,Bank Transfer,1,0,0.0,2.0,69.92,69.92,0.0,839.04,40.0,3.0,0
0-6 mo,$55-$75,One Year,Fiber Optic,0,Electronic Check,2,1,0.5,1.5,58.66,117.33,57.42,703.98,30.0,2.5,0
0-6 mo,$55-$75,One Year,Fiber Optic,1,Bank Transfer,1,0,0.0,2.0,62.61,62.61,0.0,751.32,40.0,2.0,0
0-6 mo,$55-$75,One Year,Fiber Optic,1,Credit Card,1,1,1.0,3.0,67.82,67.82,67.82,813.84,55.0,0.0,0
0-6 mo,$55-$75,One Year,Fiber Optic,1,Mailed Check,1,1,1.0,5.0,60.94,60.94,60.94,731.28,45.0,3.0,0
0-6 mo,$55-$75,One Year,No Internet,1,Electronic Check,1,0,0.0,6.0,69.4,69.4,0.0,832.8,45.0,2.0,0
0-6 mo,$55-$75,One Year,No Internet,1,Mailed Check,1,1,1.0,6.0,62.13,62.13,62.13,745.56,25.0,2.0,0
0-6 mo,$55-$75,Two Year,DSL,0,Credit Card,1,0,0.0,2.0,71.73,71.73,0.0,1721.52,45.0,2.0,0
0-6 mo,$55-$75,Two Year,DSL,1,Credit Card,1,0,0.0,2.0,60.86,60.86,0.0,1460.64,40.0,3.0,0
0-6 mo,$55-$75,Two Year,Fiber Optic,0,Bank Transfer,1,0,0.0,3.0,64.65,64.65,0.0,1551.6,20.0,1.0,0
0-6 mo,$55-$75,Two Year,Fiber Optic,0,Credit Card,1,0,0.0,1.0,57.41,57.41,0.0,1377.84,25.0,2.0,0
0-6 mo,$55-$75,Two Year,Fiber Optic,1,Electronic Check,1,0,0.0,2.0,55.71,55.71,0.0,1337.04,45.0,2.0,0
0-6 mo,$55-$75,Two Year,No Internet,0,Credit Card,1,1,1.0,3.0,73.18,73.18,73.18,1756.32,40.0,2.0,0
0-6 mo,$55-$75,Two Year,No Internet,0,Electronic Check,1,0,0.0,1.0,60.51,60.51,0.0,1452.24,20.0,5.0,0
0-6 mo,$55-$75,Two Year,No Internet,1,Credit Card,1,1,1.0,5.0,62.03,62.03,62.03,1488.72,55.0,1.0,0
0-6 mo,$55-$75,Two Year,No Internet,1,Electronic Check,1,1,1.0,2.0,65.19,65.19,65.19,1564.56,40.0,4.0,0
0-6 mo,$55-$75,Two Year,No Internet,1,Mailed Check,1,0,0.0,1.0,61.4,61.4,0.0,1473.6,45.0,2.0,0
0-6 mo,$75-$90,Month-to-Month,DSL,0,Bank Transfer,1,0,0.0,3.0,78.98,78.98,0.0,473.88,85.0,2.0,1
0-6 mo,$75-$90,Month-to-Month,DSL,1,Bank Transfer,1,0,0.0,3.0,84.78,84.78,0.0,508.68,90.0,1.0,1
0-6 mo,$75-$90,Month-to-Month,Fiber Optic,1,Credit Card,1,0,0.0,6.0,78.18,78.18,0.0,469.08,70.0,2.0,1
0-6 mo,$75-$90,Month-to-Month,No Internet,0,Credit Card,1,0,0.0,3.0,84.35,84.35,0.0,506.1,80.0,2.0,1
0-6 mo,$75-$90,One Year,DSL,1,Bank Transfer,1,0,0.0,2.0,84.72,84.72,0.0,1016.64,60.0,3.0,1
0-6 mo,$75-$90,One Year,Fiber Optic,0,Bank Transfer,1,1,1.0,3.0,86.54,86.54,86.54,1038.48,60.0,4.0,1
0-6 mo,$75-$90,One Year,No Internet,0,Mailed Check,1,0,0.0,2.0,83.0,83.0,0.0,996.0,60.0,3.0,1
0-6 mo,$75-$90,One Year,No Internet,1,Bank Transfer,1,0,0.0,5.0,78.59,78.59,0.0,943.08,35.0,4.0,0
0-6 mo,$75-$90,Two Year,DSL,0,Credit Card,1,0,0.0,5.0,76.2,76.2,0.0,1828.8,60.0,2.0,1
0-6 mo,$75-$90,Two Year,DSL,0,Mailed Check,1,0,0.0,5.0,85.26,85.26,0.0,2046.24,55.0,3.0,0
0-6 mo,$75-$90,Two Year,DSL,1,Bank Transfer,1,1,1.0,1.0,77.41,77.41,77.41,1857.84,35.0,1.0,0
0-6 mo,$75-$90,Two Year,Fiber Optic,1,Mailed Check,1,1,1.0,4.0,77.77,77.77,77.77,1866.48,55.0,4.0,0
0-6 mo,$75-$90,Two Year,No Internet,1,Mailed Check,1,0,0.0,1.0,77.29,77.29,0.0,1854.96,45.0,3.0,0
0-6 mo,$90+,Month-to-Month,DSL,1,Bank Transfer,1,0,0.0,4.0,98.95,98.95,0.0,593.7,65.0,4.0,1
0-6 mo,$90+,Month-to-Month,DSL,1,Mailed Check,1,0,0.0,6.0,101.55,101.55,0.0,609.3,85.0,3.0,1
0-6 mo,$90+,Month-to-Month,Fiber Optic,0,Electronic Check,1,1,1.0,5.0,107.03,107.03,107.03,642.18,85.0,3.0,1
0-6 mo,$90+,Month-to-Month,Fiber Optic,1,Credit Card,1,0,0.0,1.0,94.66,94.66,0.0,567.96,70.0,2.0,1
0-6 mo,$90+,Month-to-Month,Fiber Optic,1,Electronic Check,1,0,0.0,1.0,101.12,101.12,0.0,606.72,65.0,3.0,1
0-6 mo,$90+,Month-to-Month,Fiber Optic,1,Mailed Check,1,0,0.0,3.0,96.78,96.78,0.0,580.68,85.0,4.0,1
0-6 mo,$90+,Month-to-Month,No Internet,0,Bank Transfer,1,0,0.0,2.0,101.32,101.32,0.0,607.92,65.0,3.0,1
0-6 mo,$90+,One Year,DSL,0,Bank Transfer,1,0,0.0,4.0,90.22,90.22,0.0,1082.64,55.0,4.0,0
0-6 mo,$90+,One Year,DSL,1,Electronic Check,1,0,0.0,4.0,105.42,105.42,0.0,1265.04,70.0,3.0,1
0-6 mo,$90+,One Year,Fiber Optic,0,Bank Transfer,1,1,1.0,2.0,98.99,98.99,98.99,1187.88,65.0,3.0,1
0-6 mo,$90+,One Year,Fiber Optic,0,Credit Card,1,1,1.0,3.0,108.21,108.21,108.21,1298.52,35.0,3.0,0
0-6 mo,$90+,One Year,Fiber Optic,0,Mailed Check,1,0,0.0,6.0,97.92,97.92,0.0,1175.04,40.0,1.0,0
0-6 mo,$90+,One Year,No Internet,0,Bank Transfer,1,0,0.0,3.0,100.0,100.0,0.0,1200.0,60.0,1.0,1
0-6 mo,$90+,One Year,No Internet,1,Bank Transfer,1,1,1.0,5.0,105.76,105.76,105.76,1269.12,40.0,2.0,0
0-6 mo,$90+,One Year,No Internet,1,Mailed Check,1,0,0.0,5.0,104.36,104.36,0.0,1252.32,40.0,1.0,0
0-6 mo,$90+,Two Year,Fiber Optic,0,Credit Card,2,0,0.0,1.5,93.18,186.37,0.0,2236.44,57.5,1.5,1
0-6 mo,$90+,Two Year,Fiber Optic,0,Electronic Check,1,1,1.0,2.0,104.27,104.27,104.27,2502.48,60.0,2.0,1
0-6 mo,$90+,Two Year,Fiber Optic,0,Mailed Check,3,2,0.6667,4.0,108.5,325.51,217.48000000000002,2604.08,51.7,2.0,1
0-6 mo,$90+,Two Year,No Internet,1,Electronic Check,1,0,0.0,6.0,91.87,91.87,0.0,2204.88,55.0,3.0,0
0-6 mo,<$30,Month-to-Month,DSL,0,Mailed Check,1,0,0.0,4.0,29.37,29.37,0.0,176.22,70.0,2.0,1
0-6 mo,<$30,Month-to-Month,Fiber Optic,0,Bank Transfer,1,1,1.0,2.0,23.1,23.1,23.1,138.6,55.0,3.0,0
0-6 mo,<$30,Month-to-Month,No Internet,1,Mailed Check,1,1,1.0,5.0,23.65,23.65,23.65,141.9,50.0,2.0,0
0-6 mo,<$30,One Year,DSL,1,Electronic Check,1,0,0.0,5.0,24.01,24.01,0.0,288.12,40.0,5.0,0
0-6 mo,<$30,One Year,DSL,1,Mailed Check,1,1,1.0,6.0,24.15,24.15,24.15,289.8,40.0,4.0,0
0-6 mo,<$30,One Year,Fiber Optic,0,Credit Card,1,0,0.0,6.0,21.21,21.21,0.0,254.52,30.0,3.0,0
0-6 mo,<$30,One Year,No Internet,0,Credit Card,1,1,1.0,5.0,21.98,21.98,21.98,263.76,20.0,3.0,0
0-6 mo,<$30,Two Year,No Internet,1,Electronic Check,1,0,0.0,5.0,28.9,28.9,0.0,693.6,25.0,3.0,0
0-6 mo,<$30,Two Year,No Internet,1,Mailed Check,1,0,0.0,3.0,24.7,24.7,0.0,592.8,40.0,4.0,0
13-24 mo,$30-$55,Month-to-Month,DSL,0,Electronic Check,2,1,0.5,21.5,34.89,69.77000000000001,36.45,209.31,42.5,3.0,0
13-24 mo,$30-$55,Month-to-Month,DSL,1,Credit Card,1,0,0.0,15.0,53.34,53.34,0.0,320.04,35.0,2.0,0
13-24 mo,$30-$55,Month-to-Month,DSL,1,Electronic Check,1,0,0.0,15.0,42.89,42.89,0.0,257.34,65.0,2.0,1
13-24 mo,$30-$55,Month-to-Month,DSL,1,Mailed Check,2,1,0.5,17.5,47.48,94.97,44.21,284.91,37.5,2.5,0
13-24 mo,$30-$55,Month-to-Month,Fiber Optic,0,Bank Transfer,4,2,0.5,16.8,49.86,199.45999999999998,107.41,299.19,47.5,2.5,0
13-24 mo,$30-$55,Month-to-Month,Fiber Optic,0,Electronic Check,2,1,0.5,23.0,39.29,78.58,34.94,235.74,42.5,2.0,0
13-24 mo,$30-$55,Month-to-Month,Fiber Optic,1,Credit Card,1,1,1.0,17.0,39.4,39.4,39.4,236.4,50.0,4.0,0
13-24 mo,$30-$55,Month-to-Month,Fiber Optic,1,Electronic Check,2,0,0.0,15.0,42.92,85.83,0.0,257.49,52.5,3.0,0
13-24 mo,$30-$55,Month-to-Month,No Internet,0,Credit Card,1,0,0.0,20.0,44.44,44.44,0.0,266.64,30.0,3.0,0
13-24 mo,$30-$55,Month-to-Month,No Internet,0,Mailed Check,1,1,1.0,19.0,38.4,38.4,38.4,230.4,50.0,1.0,0
13-24 mo,$30-$55,Month-to-Month,No Internet,1,Bank Transfer,1,0,0.0,19.0,54.1,54.1,0.0,324.6,60.0,5.0,1
13-24 mo,$30-$55,Month-to-Month,No Internet,1,Electronic Check,1,0,0.0,18.0,45.23,45.23,0.0,271.38,65.0,2.0,1
13-24 mo,$30-$55,Month-to-Month,No Internet,1,Mailed Check,1,1,1.0,20.0,53.4,53.4,53.4,320.4,30.0,2.0,0
13-24 mo,$30-$55,One Year,DSL,0,Credit Card,1,0,0.0,21.0,36.36,36.36,0.0,436.32,10.0,4.0,0
13-24 mo,$30-$55,One Year,DSL,1,Bank Transfer,1,0,0.0,15.0,41.63,41.63,0.0,499.56,0.0,3.0,0
13-24 mo,$30-$55,One Year,DSL,1,Credit Card,1,1,1.0,21.0,53.73,53.73,53.73,644.76,0.0,3.0,0
13-24 mo,$30-$55,One Year,DSL,1,Electronic Check,1,1,1.0,20.0,30.42,30.42,30.42,365.04,25.0,0.0,0
13-24 mo,$30-$55,One Year,DSL,1,Mailed Check,1,0,0.0,15.0,49.07,49.07,0.0,588.84,5.0,2.0,0
13-24 mo,$30-$55,One Year,Fiber Optic,0,Bank Transfer,1,1,1.0,23.0,38.66,38.66,38.66,463.92,25.0,2.0,0
13-24 mo,$30-$55,One Year,Fiber Optic,0,Electronic Check,2,0,0.0,15.5,40.73,81.46,0.0,488.76,15.0,2.5,0
13-24 mo,$30-$55,One Year,Fiber Optic,1,Electronic Check,1,0,0.0,17.0,39.55,39.55,0.0,474.6,20.0,3.0,0
13-24 mo,$30-$55,One Year,Fiber Optic,1,Mailed Check,2,1,0.5,13.5,45.84,91.69,51.13,550.14,10.0,2.0,0
13-24 mo,$30-$55,One Year,No Internet,0,Bank Transfer,2,0,0.0,21.5,39.1,78.2,0.0,469.2,15.0,2.0,0
13-24 mo,$30-$55,One Year,No Internet,0,Credit Card,1,0,0.0,19.0,39.82,39.82,0.0,477.84,10.0,1.0,0
13-24 mo,$30-$55,One Year,No Internet,1,Credit Card,1,1,1.0,17.0,34.07,34.07,34.07,408.84,5.0,3.0,0
13-24 mo,$30-$55,Two Year,DSL,0,Credit Card,1,0,0.0,23.0,42.98,42.98,0.0,1031.52,30.0,2.0,0
13-24 mo,$30-$55,Two Year,DSL,1,Electronic Check,1,0,0.0,14.0,39.67,39.67,0.0,952.08,0.0,2.0,0
13-24 mo,$30-$55,Two Year,DSL,1,Mailed Check,1,0,0.0,15.0,33.84,33.84,0.0,812.16,20.0,1.0,0
13-24 mo,$30-$55,Two Year,Fiber Optic,0,Bank Transfer,1,0,0.0,15.0,31.66,31.66,0.0,759.84,20.0,3.0,0
13-24 mo,$30-$55,Two Year,No Internet,1,Bank Transfer,1,1,1.0,23.0,32.94,32.94,32.94,790.56,15.0,4.0,0
13-24 mo,$30-$55,Two Year,No Internet,1,Electronic Check,2,1,0.5,18.5,48.11,96.22999999999999,54.11,1154.76,10.0,4.0,0
13-24 mo,$30-$55,Two Year,No Internet,1,Mailed Check,2,1,0.5,17.0,39.59,79.18,39.73,950.16,17.5,2.5,0
13-24 mo,$55-$75,Month-to-Month,DSL,0,Electronic Check,2,0,0.0,13.5,62.47,124.94999999999999,0.0,374.85,40.0,4.0,0
13-24 mo,$55-$75,Month-to-Month,DSL,1,Bank Transfer,1,1,1.0,15.0,60.49,60.49,60.49,362.94,55.0,4.0,0
13-24 mo,$55-$75,Month-to-Month,DSL,1,Credit Card,1,0,0.0,17.0,64.76,64.76,0.0,388.56,50.0,3.0,0
13-24 mo,$55-$75,Month-to-Month,Fiber Optic,0,Credit Card,2,0,0.0,19.5,68.46,136.92000000000002,0.0,410.76,55.0,1.0,0
13-24 mo,$55-$75,Month-to-Month,Fiber Optic,0,Electronic Check,1,1,1.0,20.0,61.31,61.31,61.31,367.86,30.0,3.0,0
13-24 mo,$55-$75,Month-to-Month,Fiber Optic,0,Mailed Check,1,1,1.0,13.0,70.52,70.52,70.52,423.12,50.0,2.0,0
13-24 mo,$55-$75,Month-to-Month,Fiber Optic,1,Bank Transfer,1,1,1.0,17.0,59.2,59.2,59.2,355.2,35.0,2.0,0
13-24 mo,$55-$75,Month-to-Month,Fiber Optic,1,Electronic Check,1,0,0.0,13.0,71.6,71.6,0.0,429.6,30.0,3.0,0
13-24 mo,$55-$75,Month-to-Month,Fiber Optic,1,Mailed Check,1,0,0.0,17.0,66.82,66.82,0.0,400.92,55.0,2.0,0
13-24 mo,$55-$75,Month-to-Month,No Internet,1,Electronic Check,1,0,0.0,17.0,71.13,71.13,0.0,426.78,35.0,4.0,0
13-24 mo,$55-$75,Month-to-Month,No Internet,1,Mailed Check,1,0,0.0,13.0,58.82,58.82,0.0,352.92,35.0,4.0,0
13-24 mo,$55-$75,One Year,DSL,0,Bank Transfer,1,0,0.0,16.0,69.44,69.44,0.0,833.28,35.0,2.0,0
13-24 mo,$55-$75,One Year,DSL,0,Electronic Check,1,0,0.0,18.0,68.33,68.33,0.0,819.96,0.0,3.0,0
13-24 mo,$55-$75,One Year,DSL,1,Bank Transfer,1,1,1.0,23.0,68.83,68.83,68.83,825.96,5.0,3.0,0
13-24 mo,$55-$75,One Year,DSL,1,Mailed Check,1,0,0.0,13.0,62.88,62.88,0.0,754.56,20.0,2.0,0
13-24 mo,$55-$75,One Year,Fiber Optic,0,Electronic Check,1,1,1.0,15.0,61.53,61.53,61.53,738.36,20.0,3.0,0
13-24 mo,$55-$75,One Year,Fiber Optic,1,Credit Card,2,1,0.5,16.5,63.46,126.91,63.12,761.46,22.5,2.5,0
13-24 mo,$55-$75,One Year,Fiber Optic,1,Electronic Check,1,1,1.0,15.0,63.91,63.91,63.91,766.92,0.0,3.0,0
13-24 mo,$55-$75,One Year,No Internet,0,Bank Transfer,1,1,1.0,17.0,66.05,66.05,66.05,792.6,20.0,3.0,0
13-24 mo,$55-$75,One Year,No Internet,0,Electronic Check,1,0,0.0,15.0,72.72,72.72,0.0,872.64,5.0,3.0,0
13-24 mo,$55-$75,One Year,No Internet,1,Bank Transfer,1,0,0.0,19.0,62.66,62.66,0.0,751.92,20.0,3.0,0
13-24 mo,$55-$75,One Year,No Internet,1,Mailed Check,1,0,0.0,18.0,57.81,57.81,0.0,693.72,20.0,2.0,0
13-24 mo,$55-$75,Two Year,DSL,0,Bank Transfer,1,0,0.0,20.0,73.88,73.88,0.0,1773.12,30.0,2.0,0
13-24 mo,$55-$75,Two Year,DSL,0,Credit Card,1,1,1.0,20.0,60.4,60.4,60.4,1449.6,5.0,1.0,0
13-24 mo,$55-$75,Two Year,DSL,0,Mailed Check,2,2,1.0,20.0,60.66,121.33,121.33,1455.96,2.5,2.0,0
13-24 mo,$55-$75,Two Year,DSL,1,Bank Transfer,1,1,1.0,16.0,73.41,73.41,73.41,1761.84,10.0,5.0,0
13-24 mo,$55-$75,Two Year,DSL,1,Credit Card,2,0,0.0,23.0,63.46,126.93,0.0,1523.16,10.0,1.5,0
13-24 mo,$55-$75,Two Year,Fiber Optic,0,Credit Card,2,0,0.0,20.5,67.25,134.5,0.0,1614.0,17.5,2.5,0
13-24 mo,$55-$75,Two Year,Fiber Optic,0,Electronic Check,2,1,0.5,15.0,68.62,137.25,70.22,1647.0,15.0,3.0,0
13-24 mo,$55-$75,Two Year,Fiber Optic,1,Electronic Check,1,1,1.0,23.0,57.27,57.27,57.27,1374.48,25.0,2.0,0
13-24 mo,$55-$75,Two Year,No Internet,0,Credit Card,1,1,1.0,17.0,56.22,56.22,56.22,1349.28,20.0,2.0,0
13-24 mo,$55-$75,Two Year,No Internet,0,Mailed Check,1,0,0.0,23.0,55.79,55.79,0.0,1338.96,5.0,2.0,0
13-24 mo,$75-$90,Month-to-Month,Fiber Optic,0,Electronic Check,4,1,0.25,15.0,86.98,347.9,86.6,521.85,60.0,2.75,2
13-24 mo,$75-$90,Month-to-Month,Fiber Optic,1,Mailed Check,1,0,0.0,13.0,82.11,82.11,0.0,492.66,60.0,1.0,1
13-24 mo,$75-$90,Month-to-Month,No Internet,0,Bank Transfer,2,1,0.5,16.5,86.68,173.35000000000002,83.98,520.05,67.5,2.0,2
13-24 mo,$75-$90,Month-to-Month,No Internet,0,Electronic Check,1,0,0.0,22.0,81.16,81.16,0.0,486.96,70.0,1.0,1
13-24 mo,$75-$90,One Year,DSL,0,Credit Card,2,0,0.0,21.0,79.62,159.25,0.0,955.5,27.5,1.5,0
13-24 mo,$75-$90,One Year,Fiber Optic,0,Bank Transfer,1,0,0.0,23.0,80.71,80.71,0.0,968.52,50.0,3.0,0
13-24 mo,$75-$90,One Year,Fiber Optic,0,Mailed Check,1,0,0.0,24.0,76.89,76.89,0.0,922.68,40.0,1.0,0
13-24 mo,$75-$90,One Year,Fiber Optic,1,Bank Transfer,1,0,0.0,21.0,88.48,88.48,0.0,1061.76,20.0,1.0,0
13-24 mo,$75-$90,One Year,Fiber Optic,1,Electronic Check,1,0,0.0,23.0,87.46,87.46,0.0,1049.52,35.0,2.0,0
13-24 mo,$75-$90,One Year,No Internet,0,Bank Transfer,1,0,0.0,18.0,78.0,78.0,0.0,936.0,35.0,4.0,0
13-24 mo,$75-$90,One Year,No Internet,1,Bank Transfer,1,0,0.0,16.0,84.95,84.95,0.0,1019.4,35.0,3.0,0
13-24 mo,$75-$90,One Year,No Internet,1,Electronic Check,1,0,0.0,20.0,88.17,88.17,0.0,1058.04,40.0,2.0,0
13-24 mo,$75-$90,Two Year,DSL,0,Mailed Check,1,0,0.0,13.0,87.92,87.92,0.0,2110.08,35.0,4.0,0
13-24 mo,$75-$90,Two Year,DSL,1,Bank Transfer,2,0,0.0,16.5,82.18,164.35000000000002,0.0,1972.2,25.0,3.0,0
13-24 mo,$75-$90,Two Year,DSL,1,Electronic Check,1,0,0.0,19.0,75.16,75.16,0.0,1803.84,40.0,2.0,0
13-24 mo,$75-$90,Two Year,DSL,1,Mailed Check,2,0,0.0,15.0,78.28,156.56,0.0,1878.72,25.0,3.0,0
13-24 mo,$75-$90,Two Year,Fiber Optic,1,Bank Transfer,1,1,1.0,14.0,81.73,81.73,81.73,1961.52,25.0,4.0,0
13-24 mo,$75-$90,Two Year,Fiber Optic,1,Mailed Check,1,0,0.0,15.0,85.11,85.11,0.0,2042.64,15.0,3.0,0
13-24 mo,$75-$90,Two Year,No Internet,0,Credit Card,1,1,1.0,21.0,80.02,80.02,80.02,1920.48,40.0,2.0,0
13-24 mo,$75-$90,Two Year,No Internet,1,Mailed Check,3,1,0.3333,15.7,82.1,246.3,82.59,1970.4,36.7,3.0,0
13-24 mo,$90+,Month-to-Month,DSL,0,Bank Transfer,3,0,0.0,19.3,97.28,291.85,0.0,583.7,60.0,1.67,2
13-24 mo,$90+,Month-to-Month,DSL,0,Credit Card,1,0,0.0,15.0,93.36,93.36,0.0,560.16,70.0,3.0,1
13-24 mo,$90+,Month-to-Month,DSL,0,Electronic Check,1,0,0.0,15.0,94.65,94.65,0.0,567.9,65.0,4.0,1
13-24 mo,$90+,Month-to-Month,Fiber Optic,0,Credit Card,2,0,0.0,17.5,102.87,205.74,0.0,617.22,67.5,2.0,2
13-24 mo,$90+,Month-to-Month,No Internet,0,Bank Transfer,1,0,0.0,18.0,101.2,101.2,0.0,607.2,70.0,1.0,1
13-24 mo,$90+,Month-to-Month,No Internet,0,Credit Card,3,1,0.3333,19.0,97.09,291.27,97.31,582.54,60.0,2.67,2
13-24 mo,$90+,Month-to-Month,No Internet,0,Electronic Check,1,0,0.0,20.0,109.2,109.2001,0.0,655.2,70.0,2.0,1
13-24 mo,$90+,Month-to-Month,No Internet,0,Mailed Check,1,1,1.0,16.0,99.15,99.15,99.15,594.9,65.0,1.0,1
13-24 mo,$90+,Month-to-Month,No Internet,1,Bank Transfer,1,0,0.0,14.0,103.77,103.77,0.0,622.62,50.0,1.0,0
13-24 mo,$90+,Month-to-Month,No Internet,1,Credit Card,1,1,1.0,16.0,97.99,97.99,97.99,587.94,55.0,1.0,0
13-24 mo,$90+,Month-to-Month,No Internet,1,Electronic Check,1,0,0.0,21.0,109.2,109.2001,0.0,655.2,65.0,2.0,1
13-24 mo,$90+,One Year,DSL,0,Credit Card,2,0,0.0,18.0,96.8,193.59,0.0,1161.54,40.0,2.5,0
13-24 mo,$90+,One Year,DSL,1,Bank Transfer,2,1,0.5,18.5,98.97,197.94,97.71,1187.64,30.0,3.5,0
13-24 mo,$90+,One Year,DSL,1,Credit Card,1,0,0.0,13.0,107.69,107.69,0.0,1292.28,40.0,2.0,0
13-24 mo,$90+,One Year,DSL,1,Mailed Check,2,0,0.0,19.0,103.36,206.72,0.0,1240.32,42.5,2.5,0
13-24 mo,$90+,One Year,Fiber Optic,0,Credit Card,1,1,1.0,23.0,106.07,106.07,106.07,1272.84,35.0,3.0,0
13-24 mo,$90+,One Year,Fiber Optic,1,Bank Transfer,1,1,1.0,20.0,105.4,105.4,105.4,1264.8,35.0,4.0,0
13-24 mo,$90+,One Year,Fiber Optic,1,Electronic Check,3,0,0.0,21.7,103.45,310.3401,0.0,1241.36,33.3,2.0,0
13-24 mo,$90+,One Year,Fiber Optic,1,Mailed Check,1,0,0.0,21.0,92.43,92.43,0.0,1109.16,35.0,3.0,0
13-24 mo,$90+,One Year,No Internet,0,Bank Transfer,1,0,0.0,15.0,94.76,94.76,0.0,1137.12,35.0,3.0,0
13-24 mo,$90+,One Year,No Internet,0,Credit Card,1,0,0.0,19.0,102.64,102.64,0.0,1231.68,35.0,5.0,0
13-24 mo,$90+,One Year,No Internet,1,Credit Card,1,0,0.0,19.0,93.78,93.78,0.0,1125.36,35.0,4.0,0
13-24 mo,$90+,One Year,No Internet,1,Electronic Check,2,2,1.0,18.5,108.42,216.85,216.85,1301.1,32.5,2.0,0
13-24 mo,$90+,Two Year,DSL,0,Bank Transfer,1,1,1.0,18.0,108.38,108.38,108.38,2601.12,40.0,1.0,0
13-24 mo,$90+,Two Year,DSL,0,Credit Card,1,1,1.0,23.0,96.67,96.67,96.67,2320.08,35.0,4.0,0
13-24 mo,$90+,Two Year,DSL,0,Mailed Check,1,1,1.0,20.0,98.44,98.44,98.44,2362.56,40.0,3.0,0
13-24 mo,$90+,Two Year,DSL,1,Electronic Check,1,0,0.0,23.0,98.49,98.49,0.0,2363.76,20.0,3.0,0
13-24 mo,$90+,Two Year,Fiber Optic,0,Bank Transfer,2,0,0.0,16.5,101.2,202.39999999999998,0.0,2428.8,37.5,2.5,0
13-24 mo,$90+,Two Year,Fiber Optic,0,Electronic Check,1,1,1.0,13.0,103.31,103.31,103.31,2479.44,40.0,2.0,0
13-24 mo,$90+,Two Year,Fiber Optic,1,Electronic Check,1,0,0.0,22.0,101.34,101.34,0.0,2432.16,40.0,0.0,0
13-24 mo,$90+,Two Year,No Internet,0,Bank Transfer,1,0,0.0,21.0,109.2,109.2001,0.0,2620.8,20.0,3.0,0
13-24 mo,$90+,Two Year,No Internet,0,Mailed Check,2,0,0.0,16.5,101.19,202.38,0.0,2428.56,37.5,2.5,0
13-24 mo,$90+,Two Year,No Internet,1,Bank Transfer,1,0,0.0,14.0,101.65,101.65,0.0,2439.6,30.0,3.0,0
13-24 mo,$90+,Two Year,No Internet,1,Credit Card,1,0,0.0,19.0,98.48,98.48,0.0,2363.52,35.0,2.0,0
13-24 mo,$90+,Two Year,No Internet,1,Electronic Check,2,1,0.5,22.5,102.22,204.45,103.72,2453.4,40.0,3.5,0
13-24 mo,<$30,Month-to-Month,DSL,1,Credit Card,1,1,1.0,22.0,28.37,28.37,28.37,170.22,50.0,3.0,0
13-24 mo,<$30,Month-to-Month,DSL,1,Electronic Check,1,1,1.0,21.0,24.45,24.45,24.45,146.7,65.0,1.0,1
13-24 mo,<$30,Month-to-Month,Fiber Optic,0,Bank Transfer,1,0,0.0,17.0,20.99,20.99,0.0,125.94,55.0,4.0,0
13-24 mo,<$30,Month-to-Month,Fiber Optic,0,Mailed Check,1,1,1.0,14.0,20.55,20.5496,20.5496,123.3,50.0,3.0,0
13-24 mo,<$30,Month-to-Month,No Internet,1,Bank Transfer,1,0,0.0,22.0,28.46,28.46,0.0,170.76,50.0,1.0,0
13-24 mo,<$30,One Year,DSL,0,Electronic Check,1,0,0.0,15.0,20.55,20.5496,0.0,246.6,30.0,4.0,0
13-24 mo,<$30,One Year,DSL,1,Bank Transfer,1,0,0.0,21.0,25.32,25.32,0.0,303.84,20.0,3.0,0
13-24 mo,<$30,One Year,DSL,1,Credit Card,1,0,0.0,22.0,28.08,28.08,0.0,336.96,20.0,4.0,0
13-24 mo,<$30,One Year,Fiber Optic,0,Credit Card,1,1,1.0,21.0,25.35,25.35,25.35,304.2,30.0,1.0,0
13-24 mo,<$30,One Year,Fiber Optic,0,Mailed Check,1,0,0.0,15.0,26.94,26.94,0.0,323.28,25.0,1.0,0
13-24 mo,<$30,One Year,Fiber Optic,1,Bank Transfer,1,0,0.0,24.0,20.55,20.5496,0.0,246.6,30.0,4.0,0
13-24 mo,<$30,One Year,Fiber Optic,1,Electronic Check,1,1,1.0,16.0,29.25,29.25,29.25,351.0,20.0,4.0,0
13-24 mo,<$30,One Year,No Internet,0,Credit Card,1,1,1.0,24.0,22.75,22.75,22.75,273.0,20.0,3.0,0
13-24 mo,<$30,One Year,No Internet,0,Electronic Check,1,0,0.0,21.0,25.46,25.46,0.0,305.52,25.0,1.0,0
13-24 mo,<$30,One Year,No Internet,1,Bank Transfer,1,0,0.0,19.0,20.55,20.55,0.0,246.6,20.0,1.0,0
13-24 mo,<$30,One Year,No Internet,1,Mailed Check,1,0,0.0,24.0,27.85,27.85,0.0,334.2,5.0,2.0,0
13-24 mo,<$30,Two Year,DSL,0,Bank Transfer,1,1,1.0,22.0,28.16,28.16,28.16,675.84,5.0,2.0,0
13-24 mo,<$30,Two Year,DSL,0,Credit Card,2,0,0.0,18.0,25.12,50.23,0.0,602.76,12.5,3.0,0
13-24 mo,<$30,Two Year,DSL,0,Mailed Check,1,0,0.0,24.0,22.77,22.77,0.0,546.48,25.0,1.0,0
13-24 mo,<$30,Two Year,DSL,1,Electronic Check,1,0,0.0,20.0,25.16,25.16,0.0,603.84,5.0,1.0,0
13-24 mo,<$30,Two Year,Fiber Optic,0,Bank Transfer,3,1,0.3333,20.3,26.29,78.86,28.94,630.88,23.3,2.0,0
13-24 mo,<$30,Two Year,No Internet,1,Credit Card,1,0,0.0,13.0,27.68,27.68,0.0,664.32,25.0,1.0,0
25-36 mo,$30-$55,Month-to-Month,DSL,0,Credit Card,1,0,0.0,29.0,40.24,40.24,0.0,241.44,55.0,2.0,0
25-36 mo,$30-$55,Month-to-Month,DSL,1,Bank Transfer,1,1,1.0,35.0,36.74,36.74,36.74,220.44,50.0,3.0,0
25-36 mo,$30-$55,Month-to-Month,DSL,1,Credit Card,2,1,0.5,31.0,48.75,97.5,54.66,292.5,55.0,3.0,1
25-36 mo,$30-$55,Month-to-Month,DSL,1,Mailed Check,1,0,0.0,28.0,51.95,51.95,0.0,311.7,50.0,3.0,0
25-36 mo,$30-$55,Month-to-Month,Fiber Optic,0,Bank Transfer,2,1,0.5,25.0,45.46,90.92,40.29,272.76,35.0,2.5,0
25-36 mo,$30-$55,Month-to-Month,Fiber Optic,0,Credit Card,1,0,0.0,32.0,44.0,44.0,0.0,264.0,35.0,3.0,0
25-36 mo,$30-$55,Month-to-Month,Fiber Optic,0,Mailed Check,1,0,0.0,31.0,34.55,34.55,0.0,207.3,55.0,2.0,0
25-36 mo,$30-$55,Month-to-Month,Fiber Optic,1,Credit Card,1,1,1.0,26.0,39.87,39.87,39.87,239.22,55.0,1.0,0
25-36 mo,$30-$55,Month-to-Month,No Internet,0,Bank Transfer,1,1,1.0,36.0,49.32,49.32,49.32,295.92,60.0,4.0,1
25-36 mo,$30-$55,One Year,DSL,0,Credit Card,2,0,0.0,29.0,48.36,96.72999999999999,0.0,580.38,20.0,2.0,0
25-36 mo,$30-$55,One Year,DSL,0,Mailed Check,1,0,0.0,33.0,31.47,31.47,0.0,377.64,30.0,2.0,0
25-36 mo,$30-$55,One Year,DSL,1,Mailed Check,3,1,0.3333,25.3,37.68,113.05,30.16,452.2,20.0,2.33,0
25-36 mo,$30-$55,One Year,Fiber Optic,0,Credit Card,1,0,0.0,29.0,35.47,35.47,0.0,425.64,5.0,3.0,0
25-36 mo,$30-$55,One Year,Fiber Optic,0,Mailed Check,1,0,0.0,36.0,41.8,41.8,0.0,501.6,5.0,2.0,0
25-36 mo,$30-$55,One Year,Fiber Optic,1,Bank Transfer,1,0,0.0,33.0,50.58,50.58,0.0,606.96,5.0,3.0,0
25-36 mo,$30-$55,One Year,Fiber Optic,1,Credit Card,2,0,0.0,28.0,45.34,90.68,0.0,544.08,25.0,1.5,0
25-36 mo,$30-$55,One Year,Fiber Optic,1,Electronic Check,1,0,0.0,32.0,38.89,38.89,0.0,466.68,5.0,3.0,0
25-36 mo,$30-$55,One Year,Fiber Optic,1,Mailed Check,1,1,1.0,34.0,44.05,44.05,44.05,528.6,25.0,0.0,0
25-36 mo,$30-$55,One Year,No Internet,0,Bank Transfer,1,0,0.0,30.0,31.36,31.36,0.0,376.32,30.0,2.0,0
25-36 mo,$30-$55,One Year,No Internet,0,Mailed Check,1,0,0.0,29.0,51.81,51.81,0.0,621.72,25.0,3.0,0
25-36 mo,$30-$55,One Year,No Internet,1,Bank Transfer,1,1,1.0,33.0,54.16,54.16,54.16,649.92,5.0,3.0,0
25-36 mo,$30-$55,One Year,No Internet,1,Credit Card,1,1,1.0,31.0,41.08,41.08,41.08,492.96,0.0,4.0,0
25-36 mo,$30-$55,One Year,No Internet,1,Electronic Check,1,0,0.0,33.0,38.06,38.06,0.0,456.72,20.0,2.0,0
25-36 mo,$30-$55,One Year,No Internet,1,Mailed Check,1,0,0.0,36.0,50.01,50.01,0.0,600.12,25.0,2.0,0
25-36 mo,$30-$55,Two Year,DSL,1,Mailed Check,1,0,0.0,29.0,50.36,50.36,0.0,1208.64,30.0,3.0,0
25-36 mo,$30-$55,Two Year,Fiber Optic,0,Bank Transfer,1,0,0.0,25.0,31.52,31.52,0.0,756.48,0.0,4.0,0
25-36 mo,$30-$55,Two Year,Fiber Optic,0,Electronic Check,2,0,0.0,30.0,42.94,85.87,0.0,1030.44,25.0,2.0,0
25-36 mo,$30-$55,Two Year,Fiber Optic,1,Credit Card,3,2,0.6667,28.0,43.04,129.11,95.22,1032.88,13.3,2.67,0
25-36 mo,$30-$55,Two Year,Fiber Optic,1,Mailed Check,2,1,0.5,31.0,35.79,71.58,35.35,858.96,20.0,2.5,0
25-36 mo,$30-$55,Two Year,No Internet,0,Bank Transfer,3,1,0.3333,28.3,39.72,119.17,53.77,953.36,18.3,2.67,0
25-36 mo,$30-$55,Two Year,No Internet,0,Credit Card,2,0,0.0,32.5,53.1,106.21000000000001,0.0,1274.52,22.5,1.5,0
25-36 mo,$30-$55,Two Year,No Internet,0,Mailed Check,2,1,0.5,31.0,44.09,88.18,33.41,1058.16,5.0,2.0,0
25-36 mo,$30-$55,Two Year,No Internet,1,Credit Card,1,0,0.0,26.0,52.06,52.06,0.0,1249.44,35.0,2.0,0
25-36 mo,$55-$75,Month-to-Month,DSL,0,Electronic Check,1,1,1.0,36.0,60.54,60.54,60.54,363.24,50.0,2.0,0
25-36 mo,$55-$75,Month-to-Month,Fiber Optic,0,Bank Transfer,1,0,0.0,26.0,63.01,63.01,0.0,378.06,65.0,3.0,1
25-36 mo,$55-$75,Month-to-Month,Fiber Optic,0,Credit Card,1,1,1.0,30.0,64.87,64.87,64.87,389.22,50.0,2.0,0
25-36 mo,$55-$75,Month-to-Month,Fiber Optic,1,Bank Transfer,1,1,1.0,35.0,58.6,58.6,58.6,351.6,55.0,2.0,0
25-36 mo,$55-$75,Month-to-Month,Fiber Optic,1,Credit Card,1,0,0.0,29.0,70.7,70.7,0.0,424.2,40.0,3.0,0
25-36 mo,$55-$75,Month-to-Month,Fiber Optic,1,Mailed Check,1,0,0.0,36.0,74.28,74.28,0.0,445.68,35.0,2.0,0
25-36 mo,$55-$75,Month-to-Month,No Internet,0,Credit Card,1,0,0.0,25.0,63.34,63.34,0.0,380.04,65.0,2.0,1
25-36 mo,$55-$75,Month-to-Month,No Internet,0,Electronic Check,1,0,0.0,28.0,61.26,61.26,0.0,367.56,50.0,4.0,0
25-36 mo,$55-$75,Month-to-Month,No Internet,1,Bank Transfer,1,1,1.0,36.0,70.7,70.7,70.7,424.2,55.0,2.0,0
25-36 mo,$55-$75,Month-to-Month,No Internet,1,Credit Card,1,0,0.0,28.0,73.67,73.67,0.0,442.02,50.0,3.0,0
25-36 mo,$55-$75,One Year,DSL,0,Bank Transfer,1,0,0.0,32.0,57.93,57.93,0.0,695.16,0.0,4.0,0
25-36 mo,$55-$75,One Year,DSL,0,Credit Card,1,0,0.0,32.0,56.25,56.25,0.0,675.0,0.0,2.0,0
25-36 mo,$55-$75,One Year,DSL,0,Electronic Check,1,1,1.0,28.0,59.7,59.7,59.7,716.4,30.0,4.0,0
25-36 mo,$55-$75,One Year,DSL,1,Bank Transfer,1,0,0.0,33.0,70.85,70.85,0.0,850.2,25.0,2.0,0
25-36 mo,$55-$75,One Year,DSL,1,Credit Card,1,0,0.0,32.0,59.99,59.99,0.0,719.88,20.0,5.0,0
25-36 mo,$55-$75,One Year,Fiber Optic,0,Bank Transfer,1,0,0.0,25.0,61.24,61.24,0.0,734.88,20.0,4.0,0
25-36 mo,$55-$75,One Year,Fiber Optic,0,Credit Card,1,0,0.0,31.0,64.27,64.27,0.0,771.24,0.0,2.0,0
25-36 mo,$55-$75,One Year,Fiber Optic,0,Electronic Check,1,0,0.0,27.0,73.92,73.92,0.0,887.04,5.0,1.0,0
25-36 mo,$55-$75,One Year,Fiber Optic,1,Bank Transfer,1,0,0.0,29.0,65.63,65.63,0.0,787.56,25.0,1.0,0
25-36 mo,$55-$75,One Year,No Internet,1,Bank Transfer,1,0,0.0,30.0,67.32,67.32,0.0,807.84,25.0,3.0,0
25-36 mo,$55-$75,One Year,No Internet,1,Credit Card,1,0,0.0,35.0,67.29,67.29,0.0,807.48,20.0,2.0,0
25-36 mo,$55-$75,One Year,No Internet,1,Mailed Check,1,0,0.0,32.0,69.41,69.41,0.0,832.92,5.0,2.0,0
25-36 mo,$55-$75,Two Year,DSL,0,Credit Card,1,0,0.0,30.0,67.37,67.37,0.0,1616.88,5.0,2.0,0
25-36 mo,$55-$75,Two Year,DSL,0,Electronic Check,1,0,0.0,25.0,70.9,70.9,0.0,1701.6,25.0,2.0,0
25-36 mo,$55-$75,Two Year,DSL,0,Mailed Check,2,0,0.0,33.0,73.63,147.26999999999998,0.0,1767.24,7.5,1.5,0
25-36 mo,$55-$75,Two Year,DSL,1,Electronic Check,1,0,0.0,30.0,60.65,60.65,0.0,1455.6,0.0,4.0,0
25-36 mo,$55-$75,Two Year,DSL,1,Mailed Check,1,0,0.0,35.0,55.92,55.92,0.0,1342.08,25.0,2.0,0
25-36 mo,$55-$75,Two Year,Fiber Optic,0,Electronic Check,1,1,1.0,28.0,59.2,59.2,59.2,1420.8,25.0,1.0,0
25-36 mo,$55-$75,Two Year,Fiber Optic,1,Electronic Check,1,0,0.0,36.0,55.53,55.53,0.0,1332.72,20.0,2.0,0
25-36 mo,$55-$75,Two Year,No Internet,1,Bank Transfer,2,1,0.5,29.5,67.2,134.4,62.27,1612.8,17.5,2.0,0
25-36 mo,$55-$75,Two Year,No Internet,1,Mailed Check,2,0,0.0,30.0,68.19,136.39,0.0,1636.68,20.0,1.5,0
25-36 mo,$75-$90,Month-to-Month,DSL,0,Credit Card,2,1,0.5,27.5,84.14,168.28,79.29,504.84,50.0,2.0,0
25-36 mo,$75-$90,Month-to-Month,DSL,0,Electronic Check,2,0,0.0,29.0,79.71,159.42000000000002,0.0,478.26,65.0,2.0,2
25-36 mo,$75-$90,Month-to-Month,DSL,1,Credit Card,1,0,0.0,26.0,75.92,75.92,0.0,455.52,70.0,2.0,1
25-36 mo,$75-$90,Month-to-Month,Fiber Optic,0,Electronic Check,1,1,1.0,32.0,79.05,79.05,79.05,474.3,75.0,3.0,1
25-36 mo,$75-$90,Month-to-Month,Fiber Optic,0,Mailed Check,1,0,0.0,34.0,77.85,77.85,0.0,467.1,70.0,1.0,1
25-36 mo,$75-$90,Month-to-Month,Fiber Optic,1,Credit Card,1,0,0.0,26.0,81.91,81.91,0.0,491.46,70.0,1.0,1
25-36 mo,$75-$90,Month-to-Month,No Internet,0,Mailed Check,2,0,0.0,29.0,80.09,160.18,0.0,480.54,70.0,2.0,2
25-36 mo,$75-$90,Month-to-Month,No Internet,1,Bank Transfer,1,0,0.0,31.0,79.67,79.67,0.0,478.02,60.0,1.0,1
25-36 mo,$75-$90,One Year,DSL,0,Credit Card,1,0,0.0,32.0,85.31,85.31,0.0,1023.72,35.0,1.0,0
25-36 mo,$75-$90,One Year,DSL,0,Electronic Check,1,1,1.0,34.0,77.28,77.28,77.28,927.36,45.0,3.0,0
25-36 mo,$75-$90,One Year,DSL,0,Mailed Check,1,1,1.0,35.0,76.96,76.96,76.96,923.52,40.0,2.0,0
25-36 mo,$75-$90,One Year,DSL,1,Mailed Check,2,1,0.5,27.5,81.15,162.3,85.94,973.8,27.5,3.5,0
25-36 mo,$75-$90,One Year,Fiber Optic,0,Bank Transfer,1,0,0.0,26.0,88.28,88.28,0.0,1059.36,40.0,2.0,0
25-36 mo,$75-$90,One Year,Fiber Optic,0,Credit Card,1,1,1.0,27.0,86.57,86.57,86.57,1038.84,20.0,3.0,0
25-36 mo,$75-$90,One Year,Fiber Optic,0,Electronic Check,1,0,0.0,29.0,88.34,88.34,0.0,1060.08,15.0,4.0,0
25-36 mo,$75-$90,One Year,Fiber Optic,1,Bank Transfer,2,1,0.5,31.5,85.86,171.71,87.87,1030.26,37.5,1.5,0
25-36 mo,$75-$90,One Year,Fiber Optic,1,Credit Card,1,0,0.0,31.0,88.61,88.61,0.0,1063.32,50.0,2.0,0
25-36 mo,$75-$90,One Year,No Internet,0,Bank Transfer,1,0,0.0,35.0,84.77,84.77,0.0,1017.24,35.0,3.0,0
25-36 mo,$75-$90,One Year,No Internet,1,Credit Card,1,0,0.0,36.0,80.38,80.38,0.0,964.56,35.0,3.0,0
25-36 mo,$75-$90,One Year,No Internet,1,Electronic Check,1,0,0.0,26.0,77.62,77.62,0.0,931.44,40.0,4.0,0
25-36 mo,$75-$90,Two Year,DSL,0,Credit Card,1,0,0.0,36.0,75.78,75.78,0.0,1818.72,25.0,4.0,0
25-36 mo,$75-$90,Two Year,DSL,0,Mailed Check,1,1,1.0,25.0,86.03,86.03,86.03,2064.72,20.0,3.0,0
25-36 mo,$75-$90,Two Year,DSL,1,Electronic Check,1,1,1.0,31.0,84.66,84.66,84.66,2031.84,35.0,2.0,0
25-36 mo,$75-$90,Two Year,DSL,1,Mailed Check,3,0,0.0,28.7,83.22,249.66,0.0,1997.28,23.3,3.33,0
25-36 mo,$75-$90,Two Year,No Internet,0,Credit Card,1,0,0.0,35.0,86.69,86.69,0.0,2080.56,40.0,2.0,0
25-36 mo,$75-$90,Two Year,No Internet,0,Electronic Check,1,0,0.0,32.0,81.36,81.36,0.0,1952.64,50.0,2.0,0
25-36 mo,$90+,Month-to-Month,DSL,0,Bank Transfer,1,1,1.0,36.0,101.66,101.66,101.66,609.96,70.0,2.0,1
25-36 mo,$90+,Month-to-Month,DSL,0,Credit Card,1,1,1.0,32.0,100.52,100.52,100.52,603.12,45.0,3.0,0
25-36 mo,$90+,Month-to-Month,DSL,1,Electronic Check,1,0,0.0,25.0,99.6,99.6,0.0,597.6,65.0,2.0,1
25-36 mo,$90+,Month-to-Month,Fiber Optic,0,Credit Card,2,0,0.0,30.5,103.68,207.35,0.0,622.05,50.0,2.5,0
25-36 mo,$90+,Month-to-Month,Fiber Optic,0,Mailed Check,3,2,0.6667,27.0,98.34,295.03,199.05,590.06,61.7,2.33,2
25-36 mo,$90+,Month-to-Month,Fiber Optic,1,Credit Card,1,1,1.0,31.0,102.51,102.51,102.51,615.06,45.0,3.0,0
25-36 mo,$90+,Month-to-Month,Fiber Optic,1,Electronic Check,2,1,0.5,35.0,95.32,190.64999999999998,91.85,571.95,55.0,2.5,1
25-36 mo,$90+,Month-to-Month,No Internet,1,Mailed Check,1,1,1.0,32.0,107.1,107.1,107.1,642.6,65.0,2.0,1
25-36 mo,$90+,One Year,DSL,0,Bank Transfer,1,0,0.0,27.0,95.8,95.8,0.0,1149.6,15.0,1.0,0
25-36 mo,$90+,One Year,DSL,0,Credit Card,1,0,0.0,26.0,101.58,101.58,0.0,1218.96,30.0,0.0,0
25-36 mo,$90+,One Year,DSL,0,Mailed Check,2,1,0.5,31.0,99.72,199.43,108.18,1196.58,30.0,2.0,0
25-36 mo,$90+,One Year,DSL,1,Bank Transfer,2,1,0.5,31.0,102.38,204.7501,95.55,1228.5,27.5,2.5,0
25-36 mo,$90+,One Year,Fiber Optic,0,Bank Transfer,2,0,0.0,34.0,96.67,193.33999999999997,0.0,1160.04,30.0,3.0,0
25-36 mo,$90+,One Year,Fiber Optic,0,Electronic Check,1,0,0.0,32.0,107.55,107.55,0.0,1290.6,40.0,2.0,0
25-36 mo,$90+,One Year,Fiber Optic,0,Mailed Check,1,0,0.0,35.0,103.65,103.65,0.0,1243.8,40.0,4.0,0
25-36 mo,$90+,One Year,Fiber Optic,1,Credit Card,1,0,0.0,36.0,95.79,95.79,0.0,1149.48,45.0,5.0,0
25-36 mo,$90+,One Year,No Internet,0,Credit Card,1,1,1.0,32.0,102.0,102.0,102.0,1224.0,40.0,2.0,0
25-36 mo,$90+,One Year,No Internet,0,Electronic Check,1,0,0.0,34.0,101.62,101.62,0.0,1219.44,35.0,2.0,0
25-36 mo,$90+,One Year,No Internet,1,Credit Card,4,1,0.25,31.0,99.95,399.81010000000003,92.56,1199.43,28.8,2.0,0
25-36 mo,$90+,One Year,No Internet,1,Electronic Check,1,0,0.0,33.0,108.36,108.36,0.0,1300.32,35.0,4.0,0
25-36 mo,$90+,One Year,No Internet,1,Mailed Check,2,1,0.5,27.0,100.43,200.8601,109.2001,1205.16,40.0,3.0,0
25-36 mo,$90+,Two Year,DSL,0,Electronic Check,1,0,0.0,36.0,104.87,104.87,0.0,2516.88,40.0,2.0,0
25-36 mo,$90+,Two Year,DSL,1,Credit Card,3,0,0.0,26.3,94.1,282.31,0.0,2258.48,33.3,2.67,0
25-36 mo,$90+,Two Year,DSL,1,Mailed Check,1,0,0.0,25.0,90.38,90.38,0.0,2169.12,15.0,2.0,0
25-36 mo,$90+,Two Year,Fiber Optic,0,Bank Transfer,2,1,0.5,32.0,101.46,202.93,93.73,2435.16,42.5,3.5,0
25-36 mo,$90+,Two Year,Fiber Optic,1,Bank Transfer,2,0,0.0,29.5,104.79,209.57999999999998,0.0,2514.96,25.0,2.0,0
25-36 mo,$90+,Two Year,No Internet,0,Mailed Check,1,0,0.0,29.0,105.42,105.42,0.0,2530.08,25.0,2.0,0
25-36 mo,$90+,Two Year,No Internet,1,Bank Transfer,1,0,0.0,33.0,93.8,93.8,0.0,2251.2,40.0,1.0,0
25-36 mo,<$30,Month-to-Month,DSL,0,Credit Card,1,0,0.0,35.0,29.43,29.43,0.0,176.58,30.0,4.0,0
25-36 mo,<$30,Month-to-Month,DSL,1,Credit Card,1,0,0.0,28.0,24.04,24.04,0.0,144.24,55.0,4.0,0
25-36 mo,<$30,Month-to-Month,Fiber Optic,0,Electronic Check,1,0,0.0,33.0,23.23,23.23,0.0,139.38,50.0,3.0,0
25-36 mo,<$30,Month-to-Month,Fiber Optic,1,Electronic Check,2,1,0.5,32.0,22.68,45.35,20.6,136.05,40.0,2.5,0
25-36 mo,<$30,Month-to-Month,Fiber Optic,1,Mailed Check,1,1,1.0,32.0,25.82,25.82,25.82,154.92,50.0,2.0,0
25-36 mo,<$30,Month-to-Month,No Internet,0,Credit Card,1,0,0.0,36.0,25.2,25.2,0.0,151.2,50.0,4.0,0
25-36 mo,<$30,Month-to-Month,No Internet,1,Electronic Check,1,0,0.0,28.0,21.98,21.98,0.0,131.88,50.0,1.0,0
25-36 mo,<$30,One Year,Fiber Optic,0,Bank Transfer,1,0,0.0,30.0,22.94,22.94,0.0,275.28,0.0,3.0,0
25-36 mo,<$30,One Year,Fiber Optic,1,Bank Transfer,1,0,0.0,32.0,20.55,20.5496,0.0,246.6,5.0,2.0,0
25-36 mo,<$30,One Year,Fiber Optic,1,Credit Card,2,0,0.0,31.5,26.31,52.62,0.0,315.72,30.0,2.5,0
25-36 mo,<$30,One Year,No Internet,1,Mailed Check,2,2,1.0,32.5,25.01,50.0196,50.0196,300.12,15.0,1.5,0
25-36 mo,<$30,Two Year,DSL,0,Electronic Check,1,0,0.0,31.0,26.87,26.87,0.0,644.88,25.0,2.0,0
25-36 mo,<$30,Two Year,DSL,1,Bank Transfer,1,0,0.0,35.0,23.42,23.42,0.0,562.08,10.0,3.0,0
25-36 mo,<$30,Two Year,DSL,1,Electronic Check,1,0,0.0,32.0,24.19,24.19,0.0,580.56,20.0,4.0,0
25-36 mo,<$30,Two Year,DSL,1,Mailed Check,1,0,0.0,35.0,27.94,27.94,0.0,670.56,20.0,5.0,0
25-36 mo,<$30,Two Year,Fiber Optic,0,Mailed Check,1,1,1.0,34.0,21.11,21.11,21.11,506.64,0.0,3.0,0
25-36 mo,<$30,Two Year,Fiber Optic,1,Credit Card,1,0,0.0,27.0,22.64,22.64,0.0,543.36,25.0,0.0,0
25-36 mo,<$30,Two Year,No Internet,0,Mailed Check,1,0,0.0,25.0,24.49,24.49,0.0,587.76,20.0,4.0,0
37-60 mo,$30-$55,Month-to-Month,DSL,0,Bank Transfer,1,0,0.0,60.0,43.96,43.96,0.0,263.76,55.0,1.0,0
37-60 mo,$30-$55,Month-to-Month,DSL,0,Credit Card,3,0,0.0,44.0,40.27,120.8,0.0,241.6,46.7,2.0,0
37-60 mo,$30-$55,Month-to-Month,DSL,0,Electronic Check,5,3,0.6,48.8,42.02,210.09,119.47,252.11,42.0,3.0,1
37-60 mo,$30-$55,Month-to-Month,DSL,1,Bank Transfer,1,1,1.0,55.0,32.52,32.52,32.52,195.12,55.0,4.0,0
37-60 mo,$30-$55,Month-to-Month,DSL,1,Credit Card,1,0,0.0,40.0,40.35,40.35,0.0,242.1,55.0,2.0,0
37-60 mo,$30-$55,Month-to-Month,DSL,1,Mailed Check,2,0,0.0,54.0,49.78,99.57,0.0,298.71,45.0,2.5,1
37-60 mo,$30-$55,Month-to-Month,Fiber Optic,0,Credit Card,2,0,0.0,41.0,40.75,81.5,0.0,244.5,40.0,3.0,0
37-60 mo,$30-$55,Month-to-Month,Fiber Optic,0,Electronic Check,1,1,1.0,42.0,48.99,48.99,48.99,293.94,50.0,1.0,0
37-60 mo,$30-$55,Month-to-Month,Fiber Optic,0,Mailed Check,1,0,0.0,54.0,31.82,31.82,0.0,190.92,45.0,4.0,0
37-60 mo,$30-$55,Month-to-Month,Fiber Optic,1,Credit Card,1,0,0.0,43.0,33.55,33.55,0.0,201.3,55.0,2.0,0
37-60 mo,$30-$55,Month-to-Month,Fiber Optic,1,Mailed Check,1,0,0.0,58.0,36.91,36.91,0.0,221.46,30.0,2.0,0
37-60 mo,$30-$55,Month-to-Month,No Internet,0,Credit Card,2,0,0.0,41.5,41.72,83.44999999999999,0.0,250.35,42.5,2.5,0
37-60 mo,$30-$55,Month-to-Month,No Internet,0,Electronic Check,2,0,0.0,52.5,42.64,85.28,0.0,255.84,42.5,4.0,0
37-60 mo,$30-$55,Month-to-Month,No Internet,0,Mailed Check,2,0,0.0,59.0,40.36,80.71000000000001,0.0,242.13,42.5,3.0,0
37-60 mo,$30-$55,Month-to-Month,No Internet,1,Bank Transfer,1,0,0.0,48.0,36.47,36.47,0.0,218.82,60.0,3.0,1
37-60 mo,$30-$55,Month-to-Month,No Internet,1,Electronic Check,5,0,0.0,51.2,39.13,195.63,0.0,234.76,52.0,2.0,1
37-60 mo,$30-$55,Month-to-Month,No Internet,1,Mailed Check,5,0,0.0,48.4,41.25,206.26,0.0,247.51,40.0,2.0,0
37-60 mo,$30-$55,One Year,DSL,0,Credit Card,3,1,0.3333,47.3,39.15,117.44,36.05,469.76,21.7,2.33,0
37-60 mo,$30-$55,One Year,DSL,0,Electronic Check,1,1,1.0,57.0,41.23,41.23,41.23,494.76,5.0,1.0,0
37-60 mo,$30-$55,One Year,DSL,0,Mailed Check,1,0,0.0,57.0,39.44,39.44,0.0,473.28,20.0,2.0,0
37-60 mo,$30-$55,One Year,DSL,1,Bank Transfer,2,0,0.0,58.0,46.34,92.67,0.0,556.02,2.5,2.0,0
37-60 mo,$30-$55,One Year,Fiber Optic,0,Bank Transfer,1,0,0.0,39.0,54.68,54.68,0.0,656.16,20.0,2.0,0
37-60 mo,$30-$55,One Year,Fiber Optic,0,Credit Card,1,0,0.0,49.0,44.21,44.21,0.0,530.52,10.0,2.0,0
37-60 mo,$30-$55,One Year,Fiber Optic,0,Mailed Check,2,1,0.5,48.0,31.86,63.72,31.22,382.32,25.0,3.0,0
37-60 mo,$30-$55,One Year,Fiber Optic,1,Bank Transfer,2,0,0.0,46.0,42.86,85.71000000000001,0.0,514.26,22.5,1.5,0
37-60 mo,$30-$55,One Year,Fiber Optic,1,Credit Card,1,0,0.0,48.0,34.87,34.87,0.0,418.44,5.0,1.0,0
37-60 mo,$30-$55,One Year,Fiber Optic,1,Mailed Check,3,1,0.3333,47.0,38.25,114.75,35.06,459.0,23.3,1.67,0
37-60 mo,$30-$55,One Year,No Internet,0,Electronic Check,1,0,0.0,60.0,35.04,35.04,0.0,420.48,25.0,4.0,0
37-60 mo,$30-$55,One Year,No Internet,0,Mailed Check,1,0,0.0,60.0,45.42,45.42,0.0,545.04,20.0,2.0,0
37-60 mo,$30-$55,One Year,No Internet,1,Bank Transfer,2,0,0.0,47.0,47.26,94.53,0.0,567.18,10.0,2.0,0
37-60 mo,$30-$55,One Year,No Internet,1,Mailed Check,1,1,1.0,54.0,48.19,48.19,48.19,578.28,35.0,2.0,0
37-60 mo,$30-$55,Two Year,DSL,0,Credit Card,1,0,0.0,60.0,45.68,45.68,0.0,1096.32,25.0,2.0,0
37-60 mo,$30-$55,Two Year,DSL,1,Mailed Check,4,3,0.75,45.8,37.12,148.5,112.18,891.0,17.5,2.0,0
37-60 mo,$30-$55,Two Year,Fiber Optic,0,Bank Transfer,1,0,0.0,45.0,42.71,42.71,0.0,1025.04,10.0,3.0,0
37-60 mo,$30-$55,Two Year,Fiber Optic,0,Credit Card,1,0,0.0,38.0,48.27,48.27,0.0,1158.48,20.0,2.0,0
37-60 mo,$30-$55,Two Year,Fiber Optic,1,Credit Card,1,0,0.0,49.0,31.85,31.85,0.0,764.4,20.0,3.0,0
37-60 mo,$30-$55,Two Year,Fiber Optic,1,Electronic Check,2,1,0.5,39.0,41.21,82.42,45.61,989.04,2.5,3.0,0
37-60 mo,$30-$55,Two Year,Fiber Optic,1,Mailed Check,1,1,1.0,58.0,41.52,41.52,41.52,996.48,25.0,1.0,0
37-60 mo,$30-$55,Two Year,No Internet,0,Credit Card,1,0,0.0,48.0,51.88,51.88,0.0,1245.12,5.0,2.0,0
37-60 mo,$30-$55,Two Year,No Internet,0,Mailed Check,3,1,0.3333,55.0,40.79,122.38,38.45,979.04,26.7,2.33,0
37-60 mo,$30-$55,Two Year,No Internet,1,Bank Transfer,1,0,0.0,46.0,48.77,48.77,0.0,1170.48,20.0,4.0,0
37-60 mo,$30-$55,Two Year,No Internet,1,Credit Card,1,0,0.0,56.0,54.43,54.43,0.0,1306.32,20.0,2.0,0
37-60 mo,$55-$75,Month-to-Month,DSL,0,Bank Transfer,2,0,0.0,41.5,63.27,126.53999999999999,0.0,379.62,40.0,2.5,0
37-60 mo,$55-$75,Month-to-Month,DSL,0,Credit Card,4,2,0.5,54.0,59.99,239.95,125.24,359.92,42.5,2.5,1
37-60 mo,$55-$75,Month-to-Month,DSL,0,Electronic Check,2,0,0.0,47.5,69.34,138.67000000000002,0.0,416.01,55.0,1.5,0
37-60 mo,$55-$75,Month-to-Month,DSL,1,Credit Card,4,0,0.0,53.8,66.5,266.01,0.0,399.02,53.8,3.0,1
37-60 mo,$55-$75,Month-to-Month,Fiber Optic,0,Bank Transfer,2,0,0.0,41.0,70.22,140.43,0.0,421.29,32.5,2.0,0
37-60 mo,$55-$75,Month-to-Month,Fiber Optic,0,Credit Card,3,0,0.0,47.0,65.74,197.23,0.0,394.46,46.7,2.67,0
37-60 mo,$55-$75,Month-to-Month,Fiber Optic,1,Credit Card,2,1,0.5,48.5,68.41,136.82999999999998,69.06,410.49,42.5,1.0,0
37-60 mo,$55-$75,Month-to-Month,Fiber Optic,1,Mailed Check,1,1,1.0,58.0,64.75,64.75,64.75,388.5,40.0,5.0,0
37-60 mo,$55-$75,Month-to-Month,No Internet,0,Bank Transfer,1,0,0.0,55.0,66.14,66.14,0.0,396.84,50.0,2.0,0
37-60 mo,$55-$75,Month-to-Month,No Internet,0,Credit Card,1,0,0.0,40.0,57.62,57.62,0.0,345.72,35.0,2.0,0
37-60 mo,$55-$75,Month-to-Month,No Internet,0,Mailed Check,1,0,0.0,44.0,59.47,59.47,0.0,356.82,65.0,1.0,1
37-60 mo,$55-$75,Month-to-Month,No Internet,1,Credit Card,1,0,0.0,39.0,65.91,65.91,0.0,395.46,35.0,3.0,0
37-60 mo,$55-$75,Month-to-Month,No Internet,1,Electronic Check,1,0,0.0,50.0,69.23,69.23,0.0,415.38,30.0,1.0,0
37-60 mo,$55-$75,Month-to-Month,No Internet,1,Mailed Check,1,0,0.0,37.0,56.38,56.38,0.0,338.28,30.0,2.0,0
37-60 mo,$55-$75,One Year,DSL,0,Electronic Check,1,0,0.0,42.0,69.04,69.04,0.0,828.48,20.0,2.0,0
37-60 mo,$55-$75,One Year,DSL,0,Mailed Check,1,0,0.0,39.0,70.42,70.42,0.0,845.04,25.0,2.0,0
37-60 mo,$55-$75,One Year,DSL,1,Credit Card,2,1,0.5,51.0,70.89,141.78,67.84,850.68,25.0,2.5,0
37-60 mo,$55-$75,One Year,DSL,1,Electronic Check,2,0,0.0,51.5,62.82,125.63,0.0,753.78,20.0,2.5,0
37-60 mo,$55-$75,One Year,DSL,1,Mailed Check,1,0,0.0,52.0,69.35,69.35,0.0,832.2,15.0,3.0,0
37-60 mo,$55-$75,One Year,Fiber Optic,0,Electronic Check,1,0,0.0,44.0,74.62,74.62,0.0,895.44,5.0,3.0,0
37-60 mo,$55-$75,One Year,Fiber Optic,1,Credit Card,2,1,0.5,50.0,61.9,123.81,56.36,742.86,22.5,2.0,0
37-60 mo,$55-$75,One Year,No Internet,0,Bank Transfer,2,0,0.0,51.5,66.56,133.12,0.0,798.72,17.5,2.0,0
37-60 mo,$55-$75,One Year,No Internet,0,Credit Card,1,0,0.0,52.0,58.48,58.48,0.0,701.76,0.0,2.0,0
37-60 mo,$55-$75,One Year,No Internet,0,Mailed Check,1,0,0.0,51.0,57.15,57.15,0.0,685.8,10.0,3.0,0
37-60 mo,$55-$75,One Year,No Internet,1,Bank Transfer,3,1,0.3333,42.3,60.17,180.5,68.48,722.0,25.0,2.33,0
37-60 mo,$55-$75,One Year,No Internet,1,Credit Card,1,0,0.0,42.0,62.28,62.28,0.0,747.36,25.0,0.0,0
37-60 mo,$55-$75,One Year,No Internet,1,Electronic Check,3,1,0.3333,44.7,66.86,200.59,61.56,802.36,20.0,1.33,0
37-60 mo,$55-$75,One Year,No Internet,1,Mailed Check,2,0,0.0,45.0,68.22,136.43,0.0,818.58,22.5,2.0,0
37-60 mo,$55-$75,Two Year,DSL,0,Bank Transfer,2,1,0.5,57.0,58.84,117.67,61.04,1412.04,15.0,2.0,0
37-60 mo,$55-$75,Two Year,DSL,0,Credit Card,2,0,0.0,42.0,62.59,125.18,0.0,1502.16,10.0,2.0,0
37-60 mo,$55-$75,Two Year,DSL,0,Electronic Check,2,0,0.0,49.5,61.33,122.66,0.0,1471.92,15.0,1.5,0
37-60 mo,$55-$75,Two Year,DSL,0,Mailed Check,1,0,0.0,60.0,59.97,59.97,0.0,1439.28,5.0,2.0,0
37-60 mo,$55-$75,Two Year,DSL,1,Bank Transfer,1,0,0.0,55.0,74.3,74.3,0.0,1783.2,25.0,3.0,0
37-60 mo,$55-$75,Two Year,DSL,1,Credit Card,1,1,1.0,42.0,61.66,61.66,61.66,1479.84,25.0,2.0,0
37-60 mo,$55-$75,Two Year,DSL,1,Electronic Check,2,0,0.0,46.5,59.47,118.94,0.0,1427.28,22.5,1.5,0
37-60 mo,$55-$75,Two Year,Fiber Optic,0,Bank Transfer,2,1,0.5,55.0,66.82,133.64000000000001,60.27,1603.68,22.5,2.5,0
37-60 mo,$55-$75,Two Year,Fiber Optic,0,Credit Card,1,1,1.0,51.0,74.37,74.37,74.37,1784.88,20.0,4.0,0
37-60 mo,$55-$75,Two Year,Fiber Optic,0,Electronic Check,3,0,0.0,42.0,71.11,213.32999999999998,0.0,1706.64,20.0,3.0,0
37-60 mo,$55-$75,Two Year,Fiber Optic,0,Mailed Check,1,0,0.0,56.0,63.28,63.28,0.0,1518.72,35.0,3.0,0
37-60 mo,$55-$75,Two Year,Fiber Optic,1,Credit Card,4,1,0.25,48.8,67.86,271.45000000000005,62.56,1628.7,10.0,2.25,0
37-60 mo,$55-$75,Two Year,Fiber Optic,1,Electronic Check,1,0,0.0,41.0,69.42,69.42,0.0,1666.08,25.0,2.0,0
37-60 mo,$55-$75,Two Year,No Internet,0,Bank Transfer,3,1,0.3333,50.0,65.32,195.97,56.12,1567.76,1.7,3.33,0
37-60 mo,$55-$75,Two Year,No Internet,0,Electronic Check,1,1,1.0,45.0,73.23,73.23,73.23,1757.52,30.0,2.0,0
37-60 mo,$55-$75,Two Year,No Internet,0,Mailed Check,1,0,0.0,40.0,56.21,56.21,0.0,1349.04,35.0,2.0,0
37-60 mo,$55-$75,Two Year,No Internet,1,Bank Transfer,1,0,0.0,37.0,69.46,69.46,0.0,1667.04,25.0,1.0,0
37-60 mo,$55-$75,Two Year,No Internet,1,Credit Card,2,0,0.0,41.0,65.51,131.02,0.0,1572.24,22.5,3.0,0
37-60 mo,$55-$75,Two Year,No Internet,1,Electronic Check,1,0,0.0,42.0,70.64,70.64,0.0,1695.36,20.0,2.0,0
37-60 mo,$55-$75,Two Year,No Internet,1,Mailed Check,1,0,0.0,42.0,61.41,61.41,0.0,1473.84,25.0,2.0,0
37-60 mo,$75-$90,Month-to-Month,DSL,0,Bank Transfer,1,1,1.0,39.0,76.03,76.03,76.03,456.18,75.0,4.0,1
37-60 mo,$75-$90,Month-to-Month,DSL,0,Credit Card,1,0,0.0,58.0,75.88,75.88,0.0,455.28,70.0,1.0,1
37-60 mo,$75-$90,Month-to-Month,DSL,0,Electronic Check,2,0,0.0,42.0,86.4,172.81,0.0,518.43,67.5,1.5,2
37-60 mo,$75-$90,Month-to-Month,Fiber Optic,0,Credit Card,1,1,1.0,46.0,88.57,88.57,88.57,531.42,65.0,2.0,1
37-60 mo,$75-$90,Month-to-Month,Fiber Optic,0,Electronic Check,1,0,0.0,59.0,75.35,75.35,0.0,452.1,70.0,2.0,1
37-60 mo,$75-$90,Month-to-Month,Fiber Optic,0,Mailed Check,1,0,0.0,43.0,85.24,85.24,0.0,511.44,50.0,3.0,0
37-60 mo,$75-$90,Month-to-Month,Fiber Optic,1,Bank Transfer,1,0,0.0,50.0,85.72,85.72,0.0,514.32,70.0,2.0,1
37-60 mo,$75-$90,Month-to-Month,Fiber Optic,1,Electronic Check,1,0,0.0,42.0,82.1,82.1,0.0,492.6,65.0,2.0,1
37-60 mo,$75-$90,Month-to-Month,Fiber Optic,1,Mailed Check,2,1,0.5,45.5,77.02,154.03,77.1,462.09,72.5,1.0,2
37-60 mo,$75-$90,Month-to-Month,No Internet,0,Bank Transfer,1,1,1.0,40.0,85.69,85.69,85.69,514.14,75.0,4.0,1
37-60 mo,$75-$90,Month-to-Month,No Internet,0,Credit Card,1,1,1.0,38.0,77.09,77.09,77.09,462.54,65.0,2.0,1
37-60 mo,$75-$90,Month-to-Month,No Internet,1,Bank Transfer,1,1,1.0,49.0,77.38,77.38,77.38,464.28,55.0,3.0,0
37-60 mo,$75-$90,Month-to-Month,No Internet,1,Electronic Check,2,0,0.0,52.0,80.72,161.45,0.0,484.35,70.0,1.5,2
37-60 mo,$75-$90,One Year,DSL,0,Bank Transfer,1,0,0.0,46.0,87.66,87.66,0.0,1051.92,35.0,4.0,0
37-60 mo,$75-$90,One Year,DSL,0,Electronic Check,2,2,1.0,38.5,82.31,164.62,164.62,987.72,30.0,1.5,0
37-60 mo,$75-$90,One Year,DSL,0,Mailed Check,3,0,0.0,50.3,83.65,250.96,0.0,1003.84,28.3,2.33,0
37-60 mo,$75-$90,One Year,DSL,1,Credit Card,1,0,0.0,53.0,83.02,83.02,0.0,996.24,20.0,1.0,0
37-60 mo,$75-$90,One Year,Fiber Optic,0,Credit Card,1,0,0.0,60.0,86.26,86.26,0.0,1035.12,15.0,4.0,0
37-60 mo,$75-$90,One Year,Fiber Optic,1,Credit Card,1,0,0.0,59.0,77.19,77.19,0.0,926.28,20.0,2.0,0
37-60 mo,$75-$90,One Year,Fiber Optic,1,Electronic Check,1,0,0.0,44.0,87.49,87.49,0.0,1049.88,30.0,1.0,0
37-60 mo,$75-$90,One Year,Fiber Optic,1,Mailed Check,1,0,0.0,52.0,79.67,79.67,0.0,956.04,40.0,2.0,0
37-60 mo,$75-$90,One Year,No Internet,0,Credit Card,1,0,0.0,54.0,86.34,86.34,0.0,1036.08,15.0,2.0,0
37-60 mo,$75-$90,One Year,No Internet,0,Electronic Check,1,1,1.0,43.0,79.88,79.88,79.88,958.56,20.0,3.0,0
37-60 mo,$75-$90,One Year,No Internet,1,Bank Transfer,1,0,0.0,60.0,81.92,81.92,0.0,983.04,40.0,1.0,0
37-60 mo,$75-$90,One Year,No Internet,1,Credit Card,1,0,0.0,38.0,80.8,80.8,0.0,969.6,15.0,1.0,0
37-60 mo,$75-$90,One Year,No Internet,1,Electronic Check,1,0,0.0,50.0,75.21,75.21,0.0,902.52,20.0,3.0,0
37-60 mo,$75-$90,Two Year,DSL,0,Mailed Check,1,0,0.0,56.0,89.47,89.47,0.0,2147.28,40.0,2.0,0
37-60 mo,$75-$90,Two Year,DSL,1,Bank Transfer,1,0,0.0,39.0,85.27,85.27,0.0,2046.48,25.0,4.0,0
37-60 mo,$75-$90,Two Year,DSL,1,Electronic Check,1,1,1.0,60.0,80.85,80.85,80.85,1940.4,35.0,2.0,0
37-60 mo,$75-$90,Two Year,Fiber Optic,0,Bank Transfer,1,0,0.0,45.0,86.38,86.38,0.0,2073.12,40.0,3.0,0
37-60 mo,$75-$90,Two Year,Fiber Optic,0,Credit Card,1,0,0.0,40.0,83.69,83.69,0.0,2008.56,35.0,3.0,0
37-60 mo,$75-$90,Two Year,Fiber Optic,0,Electronic Check,2,0,0.0,47.5,83.94,167.88,0.0,2014.56,42.5,1.5,0
37-60 mo,$75-$90,Two Year,Fiber Optic,0,Mailed Check,1,0,0.0,47.0,84.86,84.86,0.0,2036.64,15.0,3.0,0
37-60 mo,$75-$90,Two Year,Fiber Optic,1,Bank Transfer,1,0,0.0,44.0,88.37,88.37,0.0,2120.88,40.0,0.0,0
37-60 mo,$75-$90,Two Year,Fiber Optic,1,Credit Card,1,0,0.0,47.0,81.82,81.82,0.0,1963.68,25.0,3.0,0
37-60 mo,$75-$90,Two Year,Fiber Optic,1,Electronic Check,4,0,0.0,50.0,82.58,330.32,0.0,1981.92,37.5,2.5,0
37-60 mo,$75-$90,Two Year,No Internet,0,Bank Transfer,2,1,0.5,50.5,80.6,161.20999999999998,75.24,1934.52,27.5,2.0,0
37-60 mo,$75-$90,Two Year,No Internet,0,Credit Card,3,0,0.0,41.0,80.48,241.43,0.0,1931.44,28.3,3.0,0
37-60 mo,$75-$90,Two Year,No Internet,0,Electronic Check,1,1,1.0,51.0,82.54,82.54,82.54,1980.96,50.0,2.0,0
37-60 mo,$75-$90,Two Year,No Internet,1,Electronic Check,1,0,0.0,51.0,82.85,82.85,0.0,1988.4,35.0,3.0,0
37-60 mo,$90+,Month-to-Month,DSL,0,Bank Transfer,2,1,0.5,53.0,98.62,197.25,101.03,591.75,55.0,1.0,1
37-60 mo,$90+,Month-to-Month,DSL,0,Credit Card,1,1,1.0,47.0,92.59,92.59,92.59,555.54,50.0,2.0,0
37-60 mo,$90+,Month-to-Month,DSL,0,Electronic Check,1,0,0.0,54.0,90.99,90.99,0.0,545.94,45.0,3.0,0
37-60 mo,$90+,Month-to-Month,DSL,0,Mailed Check,2,0,0.0,47.0,94.61,189.22,0.0,567.66,67.5,2.5,2
37-60 mo,$90+,Month-to-Month,DSL,1,Bank Transfer,1,0,0.0,49.0,96.97,96.97,0.0,581.82,75.0,2.0,1
37-60 mo,$90+,Month-to-Month,DSL,1,Credit Card,1,1,1.0,41.0,92.21,92.21,92.21,553.26,70.0,2.0,1
37-60 mo,$90+,Month-to-Month,DSL,1,Mailed Check,1,0,0.0,59.0,94.61,94.61,0.0,567.66,65.0,3.0,1
37-60 mo,$90+,Month-to-Month,Fiber Optic,0,Bank Transfer,1,0,0.0,38.0,98.68,98.68,0.0,592.08,70.0,2.0,1
37-60 mo,$90+,Month-to-Month,Fiber Optic,0,Mailed Check,2,0,0.0,51.0,98.71,197.42,0.0,592.26,57.5,3.5,1
37-60 mo,$90+,Month-to-Month,Fiber Optic,1,Bank Transfer,1,0,0.0,56.0,99.4,99.4,0.0,596.4,75.0,3.0,1
37-60 mo,$90+,Month-to-Month,Fiber Optic,1,Credit Card,2,1,0.5,49.5,102.65,205.29000000000002,108.17,615.87,75.0,1.5,2
37-60 mo,$90+,Month-to-Month,Fiber Optic,1,Electronic Check,1,0,0.0,52.0,107.71,107.71,0.0,646.26,60.0,2.0,1
37-60 mo,$90+,Month-to-Month,No Internet,0,Bank Transfer,2,0,0.0,54.0,94.71,189.42000000000002,0.0,568.26,72.5,1.5,2
37-60 mo,$90+,Month-to-Month,No Internet,0,Credit Card,2,2,1.0,43.0,106.66,213.31,213.31,639.93,70.0,2.0,2
37-60 mo,$90+,Month-to-Month,No Internet,0,Mailed Check,1,0,0.0,56.0,94.08,94.08,0.0,564.48,50.0,4.0,0
37-60 mo,$90+,Month-to-Month,No Internet,1,Bank Transfer,1,0,0.0,37.0,105.23,105.23,0.0,631.38,70.0,2.0,1
37-60 mo,$90+,Month-to-Month,No Internet,1,Electronic Check,1,0,0.0,38.0,90.83,90.83,0.0,544.98,70.0,3.0,1
37-60 mo,$90+,One Year,DSL,0,Electronic Check,1,1,1.0,41.0,103.04,103.04,103.04,1236.48,20.0,1.0,0
37-60 mo,$90+,One Year,DSL,0,Mailed Check,1,0,0.0,59.0,90.43,90.43,0.0,1085.16,35.0,4.0,0
37-60 mo,$90+,One Year,DSL,1,Bank Transfer,1,0,0.0,45.0,109.2,109.2001,0.0,1310.4,35.0,3.0,0
37-60 mo,$90+,One Year,DSL,1,Electronic Check,1,1,1.0,45.0,97.56,97.56,97.56,1170.72,50.0,1.0,0
37-60 mo,$90+,One Year,Fiber Optic,0,Credit Card,2,0,0.0,46.5,97.88,195.76999999999998,0.0,1174.62,25.0,3.0,0
37-60 mo,$90+,One Year,Fiber Optic,0,Electronic Check,2,0,0.0,50.5,97.48,194.95999999999998,0.0,1169.76,22.5,2.0,0
37-60 mo,$90+,One Year,Fiber Optic,1,Bank Transfer,2,1,0.5,45.5,98.51,197.01999999999998,90.6,1182.12,32.5,2.5,0
37-60 mo,$90+,One Year,Fiber Optic,1,Credit Card,1,1,1.0,46.0,109.2,109.2001,109.2001,1310.4,35.0,3.0,0
37-60 mo,$90+,One Year,Fiber Optic,1,Electronic Check,1,0,0.0,43.0,96.13,96.13,0.0,1153.56,50.0,2.0,0
37-60 mo,$90+,One Year,No Internet,0,Credit Card,2,0,0.0,46.5,97.22,194.45,0.0,1166.7,45.0,1.5,0
37-60 mo,$90+,One Year,No Internet,1,Credit Card,2,0,0.0,45.0,93.2,186.39,0.0,1118.34,37.5,2.0,0
37-60 mo,$90+,One Year,No Internet,1,Electronic Check,1,0,0.0,47.0,90.41,90.41,0.0,1084.92,40.0,3.0,0
37-60 mo,$90+,Two Year,DSL,0,Bank Transfer,2,1,0.5,42.0,98.8,197.59,99.39,2371.08,27.5,3.5,0
37-60 mo,$90+,Two Year,DSL,0,Electronic Check,1,0,0.0,53.0,92.74,92.74,0.0,2225.76,40.0,4.0,0
37-60 mo,$90+,Two Year,DSL,0,Mailed Check,1,0,0.0,49.0,107.44,107.44,0.0,2578.56,35.0,3.0,0
37-60 mo,$90+,Two Year,DSL,1,Bank Transfer,2,1,0.5,51.5,103.08,206.16000000000003,107.48,2473.92,37.5,3.0,0
37-60 mo,$90+,Two Year,DSL,1,Credit Card,1,0,0.0,41.0,95.43,95.43,0.0,2290.32,40.0,1.0,0
37-60 mo,$90+,Two Year,DSL,1,Electronic Check,4,2,0.5,49.8,101.59,406.36,202.7,2438.16,27.5,2.5,0
37-60 mo,$90+,Two Year,DSL,1,Mailed Check,3,1,0.3333,51.0,96.92,290.76,106.02,2326.08,38.3,3.33,0
37-60 mo,$90+,Two Year,Fiber Optic,0,Bank Transfer,2,1,0.5,53.0,104.12,208.23,108.16,2498.76,30.0,2.5,0
37-60 mo,$90+,Two Year,Fiber Optic,0,Credit Card,3,1,0.3333,55.7,106.08,318.25,103.58,2546.0,33.3,2.0,0
37-60 mo,$90+,Two Year,Fiber Optic,0,Electronic Check,2,1,0.5,54.0,100.93,201.86,108.35,2422.32,27.5,2.0,0
37-60 mo,$90+,Two Year,Fiber Optic,1,Credit Card,2,1,0.5,52.0,94.54,189.07999999999998,92.83,2268.96,30.0,2.0,0
37-60 mo,$90+,Two Year,Fiber Optic,1,Mailed Check,1,0,0.0,52.0,105.27,105.27,0.0,2526.48,35.0,5.0,0
37-60 mo,$90+,Two Year,No Internet,0,Bank Transfer,2,0,0.0,58.0,101.67,203.34,0.0,2440.08,25.0,4.0,0
37-60 mo,$90+,Two Year,No Internet,1,Bank Transfer,2,0,0.0,49.0,92.25,184.5,0.0,2214.0,25.0,2.5,0
37-60 mo,$90+,Two Year,No Internet,1,Electronic Check,2,0,0.0,50.5,95.04,190.07999999999998,0.0,2280.96,30.0,0.5,0
37-60 mo,$90+,Two Year,No Internet,1,Mailed Check,2,0,0.0,49.5,101.65,203.29000000000002,0.0,2439.48,30.0,1.5,0
37-60 mo,<$30,Month-to-Month,DSL,0,Bank Transfer,1,0,0.0,39.0,22.95,22.95,0.0,137.7,55.0,1.0,0
37-60 mo,<$30,Month-to-Month,DSL,0,Electronic Check,2,1,0.5,46.0,22.87,45.7396,20.5496,137.22,55.0,4.0,1
37-60 mo,<$30,Month-to-Month,Fiber Optic,1,Bank Transfer,1,0,0.0,53.0,21.62,21.62,0.0,129.72,55.0,3.0,0
37-60 mo,<$30,Month-to-Month,Fiber Optic,1,Mailed Check,2,0,0.0,52.0,24.81,49.62,0.0,148.86,40.0,3.5,0
37-60 mo,<$30,Month-to-Month,No Internet,1,Electronic Check,2,0,0.0,54.5,22.46,44.92,0.0,134.76,42.5,2.0,0
37-60 mo,<$30,One Year,DSL,0,Mailed Check,2,0,0.0,40.5,23.12,46.230000000000004,0.0,277.38,22.5,2.5,0
37-60 mo,<$30,One Year,DSL,1,Electronic Check,2,1,0.5,49.0,25.37,50.739999999999995,23.75,304.44,32.5,2.5,0
37-60 mo,<$30,One Year,DSL,1,Mailed Check,1,0,0.0,43.0,29.8,29.8,0.0,357.6,30.0,3.0,0
37-60 mo,<$30,One Year,Fiber Optic,0,Credit Card,1,0,0.0,53.0,20.55,20.5496,0.0,246.6,20.0,4.0,0
37-60 mo,<$30,One Year,Fiber Optic,0,Mailed Check,3,1,0.3333,43.0,24.47,73.3996,20.5496,293.6,13.3,3.67,0
37-60 mo,<$30,One Year,Fiber Optic,1,Bank Transfer,1,0,0.0,52.0,21.28,21.28,0.0,255.36,25.0,3.0,0
37-60 mo,<$30,One Year,Fiber Optic,1,Mailed Check,1,0,0.0,55.0,22.06,22.06,0.0,264.72,15.0,2.0,0
37-60 mo,<$30,One Year,No Internet,0,Credit Card,1,1,1.0,42.0,22.2,22.2,22.2,266.4,0.0,1.0,0
37-60 mo,<$30,One Year,No Internet,1,Bank Transfer,1,1,1.0,53.0,22.94,22.94,22.94,275.28,0.0,3.0,0
37-60 mo,<$30,One Year,No Internet,1,Credit Card,2,0,0.0,46.0,24.82,49.64,0.0,297.84,22.5,1.5,0
37-60 mo,<$30,One Year,No Internet,1,Electronic Check,1,0,0.0,46.0,26.54,26.54,0.0,318.48,25.0,3.0,0
37-60 mo,<$30,One Year,No Internet,1,Mailed Check,1,0,0.0,45.0,28.0,28.0,0.0,336.0,30.0,2.0,0
37-60 mo,<$30,Two Year,DSL,0,Bank Transfer,1,0,0.0,45.0,28.78,28.78,0.0,690.72,25.0,0.0,0
37-60 mo,<$30,Two Year,DSL,0,Credit Card,1,0,0.0,53.0,27.6,27.6,0.0,662.4,0.0,2.0,0
37-60 mo,<$30,Two Year,DSL,0,Mailed Check,1,0,0.0,41.0,24.01,24.01,0.0,576.24,25.0,2.0,0
37-60 mo,<$30,Two Year,DSL,1,Mailed Check,2,0,0.0,41.5,22.8,45.61,0.0,547.32,27.5,3.0,0
37-60 mo,<$30,Two Year,Fiber Optic,0,Bank Transfer,2,1,0.5,50.5,24.12,48.25,22.62,579.0,2.5,2.5,0
37-60 mo,<$30,Two Year,Fiber Optic,1,Bank Transfer,1,1,1.0,47.0,24.03,24.03,24.03,576.72,5.0,1.0,0
37-60 mo,<$30,Two Year,No Internet,0,Electronic Check,1,0,0.0,39.0,28.43,28.43,0.0,682.32,20.0,4.0,0
37-60 mo,<$30,Two Year,No Internet,0,Mailed Check,1,0,0.0,57.0,29.97,29.97,0.0,719.28,0.0,2.0,0
37-60 mo,<$30,Two Year,No Internet,1,Credit Card,1,1,1.0,54.0,23.27,23.27,23.27,558.48,15.0,1.0,0
37-60 mo,<$30,Two Year,No Internet,1,Mailed Check,3,1,0.3333,47.0,23.95,71.86,25.05,574.88,23.3,1.0,0
60+ mo,$30-$55,Month-to-Month,DSL,0,Electronic Check,1,0,0.0,68.0,52.1,52.1,0.0,312.6,55.0,2.0,0
60+ mo,$30-$55,Month-to-Month,DSL,0,Mailed Check,2,0,0.0,65.0,40.08,80.16,0.0,240.48,47.5,3.0,1
60+ mo,$30-$55,Month-to-Month,DSL,1,Bank Transfer,2,1,0.5,70.0,40.23,80.46000000000001,33.24,241.38,42.5,3.0,0
60+ mo,$30-$55,Month-to-Month,DSL,1,Electronic Check,1,0,0.0,63.0,48.36,48.36,0.0,290.16,55.0,3.0,0
60+ mo,$30-$55,Month-to-Month,DSL,1,Mailed Check,1,0,0.0,67.0,43.7,43.7,0.0,262.2,50.0,4.0,0
60+ mo,$30-$55,Month-to-Month,Fiber Optic,0,Bank Transfer,1,0,0.0,62.0,49.89,49.89,0.0,299.34,30.0,4.0,0
60+ mo,$30-$55,Month-to-Month,Fiber Optic,0,Credit Card,1,0,0.0,70.0,53.92,53.92,0.0,323.52,55.0,0.0,0
60+ mo,$30-$55,Month-to-Month,Fiber Optic,0,Mailed Check,1,0,0.0,68.0,31.91,31.91,0.0,191.46,55.0,3.0,0
60+ mo,$30-$55,Month-to-Month,Fiber Optic,1,Electronic Check,1,1,1.0,62.0,53.93,53.93,53.93,323.58,60.0,3.0,1
60+ mo,$30-$55,Month-to-Month,No Internet,0,Bank Transfer,1,0,0.0,64.0,48.11,48.11,0.0,288.66,50.0,3.0,0
60+ mo,$30-$55,Month-to-Month,No Internet,0,Mailed Check,1,0,0.0,65.0,31.7,31.7,0.0,190.2,40.0,4.0,0
60+ mo,$30-$55,Month-to-Month,No Internet,1,Credit Card,1,0,0.0,69.0,32.33,32.33,0.0,193.98,35.0,4.0,0
60+ mo,$30-$55,One Year,DSL,0,Mailed Check,1,1,1.0,62.0,34.28,34.28,34.28,411.36,20.0,1.0,0
60+ mo,$30-$55,One Year,Fiber Optic,0,Bank Transfer,1,0,0.0,69.0,30.8,30.8,0.0,369.6,5.0,2.0,0
60+ mo,$30-$55,One Year,Fiber Optic,0,Credit Card,1,0,0.0,68.0,44.88,44.88,0.0,538.56,20.0,4.0,0
60+ mo,$30-$55,One Year,Fiber Optic,0,Electronic Check,1,1,1.0,62.0,44.13,44.13,44.13,529.56,25.0,2.0,0
60+ mo,$30-$55,One Year,Fiber Optic,1,Bank Transfer,1,1,1.0,66.0,35.15,35.15,35.15,421.8,30.0,2.0,0
60+ mo,$30-$55,One Year,Fiber Optic,1,Mailed Check,2,0,0.0,67.5,46.42,92.85,0.0,557.1,22.5,2.5,0
60+ mo,$30-$55,One Year,No Internet,0,Bank Transfer,1,1,1.0,70.0,38.8,38.8,38.8,465.6,25.0,2.0,0
60+ mo,$30-$55,One Year,No Internet,1,Credit Card,1,0,0.0,66.0,53.96,53.96,0.0,647.52,0.0,4.0,0
60+ mo,$30-$55,One Year,No Internet,1,Electronic Check,3,0,0.0,64.0,32.4,97.21000000000001,0.0,388.84,23.3,1.67,0
60+ mo,$30-$55,Two Year,DSL,0,Bank Transfer,2,2,1.0,66.5,46.87,93.74000000000001,93.74000000000001,1124.88,25.0,2.5,0
60+ mo,$30-$55,Two Year,DSL,1,Bank Transfer,1,0,0.0,66.0,41.5,41.5,0.0,996.0,5.0,1.0,0
60+ mo,$30-$55,Two Year,DSL,1,Mailed Check,1,0,0.0,62.0,45.01,45.01,0.0,1080.24,25.0,2.0,0
60+ mo,$30-$55,Two Year,Fiber Optic,0,Credit Card,2,2,1.0,66.5,46.15,92.3,92.3,1107.6,7.5,3.0,0
60+ mo,$30-$55,Two Year,Fiber Optic,1,Bank Transfer,1,0,0.0,61.0,53.41,53.41,0.0,1281.84,0.0,4.0,0
60+ mo,$30-$55,Two Year,Fiber Optic,1,Credit Card,1,0,0.0,70.0,47.78,47.78,0.0,1146.72,20.0,4.0,0
60+ mo,$30-$55,Two Year,Fiber Optic,1,Mailed Check,2,1,0.5,66.0,38.37,76.74000000000001,41.99,920.88,22.5,3.0,0
60+ mo,$30-$55,Two Year,No Internet,0,Credit Card,1,0,0.0,69.0,45.0,45.0,0.0,1080.0,20.0,4.0,0
60+ mo,$30-$55,Two Year,No Internet,0,Electronic Check,1,1,1.0,65.0,35.61,35.61,35.61,854.64,20.0,1.0,0
60+ mo,$30-$55,Two Year,No Internet,1,Mailed Check,1,0,0.0,62.0,46.2,46.2,0.0,1108.8,30.0,2.0,0
60+ mo,$55-$75,Month-to-Month,DSL,0,Credit Card,1,0,0.0,63.0,74.55,74.55,0.0,447.3,55.0,2.0,0
60+ mo,$55-$75,Month-to-Month,Fiber Optic,0,Bank Transfer,2,1,0.5,64.0,58.76,117.52000000000001,60.07,352.56,30.0,3.0,0
60+ mo,$55-$75,Month-to-Month,Fiber Optic,0,Electronic Check,1,1,1.0,70.0,67.7,67.7,67.7,406.2,35.0,3.0,0
60+ mo,$55-$75,Month-to-Month,Fiber Optic,1,Electronic Check,2,0,0.0,66.0,71.64,143.29,0.0,429.87,40.0,2.0,0
60+ mo,$55-$75,Month-to-Month,No Internet,0,Mailed Check,1,0,0.0,68.0,68.94,68.94,0.0,413.64,40.0,3.0,0
60+ mo,$55-$75,Month-to-Month,No Internet,1,Bank Transfer,1,0,0.0,69.0,67.57,67.57,0.0,405.42,50.0,4.0,0
60+ mo,$55-$75,Month-to-Month,No Internet,1,Credit Card,1,1,1.0,63.0,69.01,69.01,69.01,414.06,30.0,4.0,0
60+ mo,$55-$75,Month-to-Month,No Internet,1,Mailed Check,1,0,0.0,70.0,72.22,72.22,0.0,433.32,65.0,1.0,1
60+ mo,$55-$75,One Year,DSL,0,Bank Transfer,1,1,1.0,66.0,67.8,67.8,67.8,813.6,20.0,3.0,0
60+ mo,$55-$75,One Year,DSL,1,Electronic Check,1,1,1.0,63.0,59.17,59.17,59.17,710.04,0.0,4.0,0
60+ mo,$55-$75,One Year,Fiber Optic,0,Bank Transfer,1,0,0.0,65.0,70.2,70.2,0.0,842.4,20.0,2.0,0
60+ mo,$55-$75,One Year,Fiber Optic,1,Credit Card,1,0,0.0,66.0,69.69,69.69,0.0,836.28,0.0,4.0,0
60+ mo,$55-$75,One Year,No Internet,0,Credit Card,2,0,0.0,62.5,69.06,138.12,0.0,828.72,15.0,3.5,0
60+ mo,$55-$75,Two Year,DSL,0,Mailed Check,1,1,1.0,65.0,55.27,55.27,55.27,1326.48,20.0,3.0,0
60+ mo,$55-$75,Two Year,DSL,1,Bank Transfer,1,1,1.0,66.0,60.55,60.55,60.55,1453.2,20.0,2.0,0
60+ mo,$55-$75,Two Year,DSL,1,Electronic Check,1,0,0.0,61.0,59.71,59.71,0.0,1433.04,5.0,4.0,0
60+ mo,$55-$75,Two Year,Fiber Optic,0,Electronic Check,1,1,1.0,64.0,55.17,55.17,55.17,1324.08,20.0,4.0,0
60+ mo,$55-$75,Two Year,Fiber Optic,0,Mailed Check,1,0,0.0,66.0,74.19,74.19,0.0,1780.56,5.0,2.0,0
60+ mo,$55-$75,Two Year,Fiber Optic,1,Credit Card,1,0,0.0,68.0,70.58,70.58,0.0,1693.92,5.0,2.0,0
60+ mo,$55-$75,Two Year,No Internet,0,Electronic Check,2,0,0.0,66.0,62.22,124.44,0.0,1493.28,15.0,0.5,0
60+ mo,$55-$75,Two Year,No Internet,1,Bank Transfer,1,0,0.0,67.0,62.84,62.84,0.0,1508.16,30.0,1.0,0
60+ mo,$55-$75,Two Year,No Internet,1,Credit Card,1,0,0.0,63.0,70.37,70.37,0.0,1688.88,5.0,2.0,0
60+ mo,$55-$75,Two Year,No Internet,1,Mailed Check,2,0,0.0,69.0,61.82,123.63,0.0,1483.56,15.0,1.0,0
60+ mo,$75-$90,Month-to-Month,DSL,0,Bank Transfer,2,0,0.0,66.0,85.06,170.11,0.0,510.33,62.5,3.0,1
60+ mo,$75-$90,Month-to-Month,Fiber Optic,0,Electronic Check,1,0,0.0,63.0,87.44,87.44,0.0,524.64,45.0,3.0,0
60+ mo,$75-$90,Month-to-Month,Fiber Optic,0,Mailed Check,1,0,0.0,65.0,78.01,78.01,0.0,468.06,50.0,3.0,0
60+ mo,$75-$90,Month-to-Month,Fiber Optic,1,Bank Transfer,1,0,0.0,70.0,82.5,82.5,0.0,495.0,45.0,4.0,0
60+ mo,$75-$90,Month-to-Month,No Internet,0,Bank Transfer,2,1,0.5,68.5,85.06,170.11,84.8,510.33,62.5,3.5,1
60+ mo,$75-$90,Month-to-Month,No Internet,0,Credit Card,1,0,0.0,66.0,76.54,76.54,0.0,459.24,70.0,2.0,1
60+ mo,$75-$90,Month-to-Month,No Internet,0,Electronic Check,1,1,1.0,66.0,87.57,87.57,87.57,525.42,80.0,1.0,1
60+ mo,$75-$90,One Year,DSL,1,Electronic Check,1,0,0.0,62.0,81.54,81.54,0.0,978.48,20.0,2.0,0
60+ mo,$75-$90,One Year,Fiber Optic,0,Credit Card,1,0,0.0,68.0,87.25,87.25,0.0,1047.0,35.0,5.0,0
60+ mo,$75-$90,One Year,Fiber Optic,0,Electronic Check,2,0,0.0,68.5,85.58,171.15,0.0,1026.9,30.0,0.5,0
60+ mo,$75-$90,One Year,Fiber Optic,1,Bank Transfer,1,0,0.0,70.0,79.18,79.18,0.0,950.16,40.0,2.0,0
60+ mo,$75-$90,One Year,Fiber Optic,1,Credit Card,1,0,0.0,63.0,88.33,88.33,0.0,1059.96,15.0,3.0,0
60+ mo,$75-$90,One Year,No Internet,0,Electronic Check,1,0,0.0,61.0,88.68,88.68,0.0,1064.16,15.0,2.0,0
60+ mo,$75-$90,Two Year,DSL,0,Credit Card,1,0,0.0,68.0,88.63,88.63,0.0,2127.12,50.0,2.0,0
60+ mo,$75-$90,Two Year,DSL,0,Mailed Check,1,0,0.0,63.0,77.56,77.56,0.0,1861.44,40.0,2.0,0
60+ mo,$75-$90,Two Year,Fiber Optic,0,Credit Card,2,0,0.0,67.0,85.3,170.59,0.0,2047.08,17.5,3.0,0
60+ mo,$75-$90,Two Year,Fiber Optic,0,Mailed Check,2,0,0.0,66.5,83.26,166.53,0.0,1998.36,17.5,2.5,0
60+ mo,$75-$90,Two Year,Fiber Optic,1,Credit Card,1,0,0.0,62.0,76.81,76.81,0.0,1843.44,40.0,2.0,0
60+ mo,$75-$90,Two Year,No Internet,0,Bank Transfer,2,1,0.5,67.0,79.56,159.12,78.29,1909.44,37.5,2.5,0
60+ mo,$75-$90,Two Year,No Internet,0,Credit Card,2,0,0.0,67.0,81.24,162.48,0.0,1949.76,37.5,3.0,0
60+ mo,$90+,Month-to-Month,DSL,0,Bank Transfer,1,1,1.0,64.0,96.88,96.88,96.88,581.28,50.0,0.0,0
60+ mo,$90+,Month-to-Month,DSL,0,Credit Card,2,0,0.0,64.5,92.5,185.0,0.0,555.0,70.0,2.0,2
60+ mo,$90+,Month-to-Month,Fiber Optic,1,Bank Transfer,1,0,0.0,61.0,99.18,99.18,0.0,595.08,45.0,2.0,0
60+ mo,$90+,Month-to-Month,Fiber Optic,1,Mailed Check,1,0,0.0,64.0,103.75,103.75,0.0,622.5,65.0,4.0,1
60+ mo,$90+,Month-to-Month,No Internet,0,Bank Transfer,1,0,0.0,70.0,97.97,97.97,0.0,587.82,65.0,2.0,1
60+ mo,$90+,Month-to-Month,No Internet,0,Electronic Check,1,1,1.0,62.0,96.24,96.24,96.24,577.44,70.0,3.0,1
60+ mo,$90+,Month-to-Month,No Internet,0,Mailed Check,1,0,0.0,70.0,101.35,101.35,0.0,608.1,80.0,4.0,1
60+ mo,$90+,Month-to-Month,No Internet,1,Bank Transfer,1,1,1.0,68.0,105.2,105.2,105.2,631.2,55.0,3.0,0
60+ mo,$90+,Month-to-Month,No Internet,1,Credit Card,1,0,0.0,64.0,92.67,92.67,0.0,556.02,80.0,4.0,1
60+ mo,$90+,Month-to-Month,No Internet,1,Mailed Check,1,1,1.0,62.0,93.64,93.64,93.64,561.84,70.0,2.0,1
60+ mo,$90+,One Year,DSL,0,Electronic Check,1,0,0.0,61.0,99.92,99.92,0.0,1199.04,35.0,2.0,0
60+ mo,$90+,One Year,DSL,0,Mailed Check,1,0,0.0,62.0,105.53,105.53,0.0,1266.36,40.0,4.0,0
60+ mo,$90+,One Year,DSL,1,Electronic Check,1,0,0.0,64.0,100.75,100.75,0.0,1209.0,35.0,4.0,0
60+ mo,$90+,One Year,Fiber Optic,0,Bank Transfer,1,0,0.0,68.0,95.19,95.19,0.0,1142.28,35.0,3.0,0
60+ mo,$90+,Two Year,DSL,0,Bank Transfer,1,0,0.0,61.0,96.75,96.75,0.0,2322.0,40.0,1.0,0
60+ mo,$90+,Two Year,DSL,0,Credit Card,1,0,0.0,68.0,94.1,94.1,0.0,2258.4,50.0,2.0,0
60+ mo,$90+,Two Year,DSL,1,Bank Transfer,1,1,1.0,70.0,103.78,103.78,103.78,2490.72,35.0,2.0,0
60+ mo,$90+,Two Year,DSL,1,Electronic Check,1,0,0.0,67.0,108.25,108.25,0.0,2598.0,45.0,3.0,0
60+ mo,$90+,Two Year,Fiber Optic,1,Credit Card,4,2,0.5,67.5,98.49,393.9701,203.2701,2363.82,22.5,2.75,0
60+ mo,$90+,Two Year,No Internet,0,Bank Transfer,1,0,0.0,70.0,98.02,98.02,0.0,2352.48,35.0,2.0,0
60+ mo,$90+,Two Year,No Internet,0,Credit Card,1,1,1.0,61.0,107.37,107.37,107.37,2576.88,50.0,3.0,0
60+ mo,$90+,Two Year,No Internet,0,Electronic Check,1,0,0.0,70.0,95.19,95.19,0.0,2284.56,35.0,4.0,0
60+ mo,$90+,Two Year,No Internet,1,Electronic Check,1,0,0.0,67.0,97.66,97.66,0.0,2343.84,50.0,3.0,0
60+ mo,<$30,Month-to-Month,DSL,1,Mailed Check,1,0,0.0,70.0,26.21,26.21,0.0,157.26,30.0,3.0,0
60+ mo,<$30,Month-to-Month,Fiber Optic,0,Electronic Check,1,0,0.0,66.0,22.78,22.78,0.0,136.68,30.0,2.0,0
60+ mo,<$30,Month-to-Month,No Internet,0,Bank Transfer,1,0,0.0,64.0,29.4,29.4,0.0,176.4,35.0,1.0,0
60+ mo,<$30,Month-to-Month,No Internet,1,Bank Transfer,1,0,0.0,64.0,29.57,29.57,0.0,177.42,50.0,2.0,0
60+ mo,<$30,One Year,DSL,0,Credit Card,1,0,0.0,63.0,28.41,28.41,0.0,340.92,5.0,2.0,0
60+ mo,<$30,One Year,DSL,0,Mailed Check,1,0,0.0,69.0,29.11,29.11,0.0,349.32,10.0,3.0,0
60+ mo,<$30,One Year,Fiber Optic,1,Mailed Check,1,0,0.0,61.0,26.15,26.15,0.0,313.8,25.0,4.0,0
60+ mo,<$30,One Year,No Internet,0,Electronic Check,1,0,0.0,68.0,29.08,29.08,0.0,348.96,5.0,3.0,0
60+ mo,<$30,One Year,No Internet,1,Bank Transfer,2,0,0.0,66.0,24.24,48.47,0.0,290.82,22.5,3.0,0
60+ mo,<$30,One Year,No Internet,1,Credit Card,1,1,1.0,70.0,22.8,22.8,22.8,273.6,35.0,3.0,0
60+ mo,<$30,One Year,No Internet,1,Electronic Check,1,0,0.0,67.0,27.78,27.78,0.0,333.36,25.0,4.0,0
60+ mo,<$30,Two Year,Fiber Optic,0,Bank Transfer,1,1,1.0,64.0,28.31,28.31,28.31,679.44,30.0,2.0,0
60+ mo,<$30,Two Year,Fiber Optic,1,Credit Card,1,1,1.0,62.0,25.37,25.37,25.37,608.88,0.0,4.0,0
7-12 mo,$30-$55,Month-to-Month,DSL,0,Bank Transfer,1,0,0.0,11.0,31.6,31.6,0.0,189.6,55.0,3.0,0
7-12 mo,$30-$55,Month-to-Month,Fiber Optic,0,Credit Card,1,0,0.0,9.0,53.1,53.1,0.0,318.6,70.0,2.0,1
7-12 mo,$30-$55,Month-to-Month,Fiber Optic,1,Credit Card,2,2,1.0,8.0,49.22,98.43,98.43,295.29,62.5,2.5,1
7-12 mo,$30-$55,Month-to-Month,No Internet,0,Credit Card,1,0,0.0,8.0,54.58,54.58,0.0,327.48,55.0,1.0,0
7-12 mo,$30-$55,Month-to-Month,No Internet,1,Credit Card,1,1,1.0,12.0,41.77,41.77,41.77,250.62,50.0,3.0,0
7-12 mo,$30-$55,Month-to-Month,No Internet,1,Mailed Check,1,1,1.0,11.0,48.37,48.37,48.37,290.22,70.0,5.0,1
7-12 mo,$30-$55,One Year,DSL,0,Bank Transfer,1,0,0.0,10.0,48.07,48.07,0.0,576.84,40.0,4.0,0
7-12 mo,$30-$55,One Year,DSL,0,Electronic Check,1,0,0.0,8.0,54.35,54.35,0.0,652.2,45.0,3.0,0
7-12 mo,$30-$55,One Year,DSL,1,Bank Transfer,1,0,0.0,11.0,40.95,40.95,0.0,491.4,45.0,3.0,0
7-12 mo,$30-$55,One Year,DSL,1,Credit Card,2,0,0.0,10.5,45.03,90.06,0.0,540.36,30.0,4.0,0
7-12 mo,$30-$55,One Year,Fiber Optic,0,Bank Transfer,2,0,0.0,8.5,43.61,87.22999999999999,0.0,523.38,37.5,2.0,0
7-12 mo,$30-$55,One Year,Fiber Optic,0,Mailed Check,1,0,0.0,9.0,40.72,40.72,0.0,488.64,25.0,4.0,0
7-12 mo,$30-$55,One Year,Fiber Optic,1,Bank Transfer,2,0,0.0,9.5,36.34,72.68,0.0,436.08,20.0,1.5,0
7-12 mo,$30-$55,One Year,Fiber Optic,1,Mailed Check,1,0,0.0,11.0,33.64,33.64,0.0,403.68,20.0,4.0,0
7-12 mo,$30-$55,One Year,No Internet,0,Credit Card,1,1,1.0,8.0,33.07,33.07,33.07,396.84,25.0,1.0,0
7-12 mo,$30-$55,One Year,No Internet,0,Electronic Check,1,1,1.0,8.0,40.88,40.88,40.88,490.56,45.0,2.0,0
7-12 mo,$30-$55,Two Year,DSL,0,Electronic Check,1,0,0.0,7.0,52.04,52.04,0.0,1248.96,45.0,3.0,0
7-12 mo,$30-$55,Two Year,DSL,0,Mailed Check,1,0,0.0,10.0,39.78,39.78,0.0,954.72,45.0,1.0,0
7-12 mo,$30-$55,Two Year,DSL,1,Bank Transfer,1,0,0.0,12.0,44.1,44.1,0.0,1058.4,20.0,3.0,0
7-12 mo,$30-$55,Two Year,DSL,1,Credit Card,1,0,0.0,7.0,50.76,50.76,0.0,1218.24,25.0,1.0,0
7-12 mo,$30-$55,Two Year,DSL,1,Electronic Check,1,0,0.0,7.0,52.73,52.73,0.0,1265.52,25.0,0.0,0
7-12 mo,$30-$55,Two Year,DSL,1,Mailed Check,1,1,1.0,8.0,43.1,43.1,43.1,1034.4,55.0,0.0,0
7-12 mo,$30-$55,Two Year,Fiber Optic,1,Bank Transfer,1,0,0.0,12.0,44.44,44.44,0.0,1066.56,20.0,2.0,0
7-12 mo,$30-$55,Two Year,No Internet,0,Bank Transfer,1,1,1.0,12.0,37.01,37.01,37.01,888.24,0.0,4.0,0
7-12 mo,$30-$55,Two Year,No Internet,1,Credit Card,1,1,1.0,7.0,38.64,38.64,38.64,927.36,45.0,3.0,0
7-12 mo,$30-$55,Two Year,No Internet,1,Mailed Check,1,0,0.0,7.0,40.58,40.58,0.0,973.92,45.0,1.0,0
7-12 mo,$55-$75,Month-to-Month,DSL,0,Credit Card,1,0,0.0,8.0,61.27,61.27,0.0,367.62,50.0,2.0,0
7-12 mo,$55-$75,Month-to-Month,DSL,1,Electronic Check,1,0,0.0,12.0,62.69,62.69,0.0,376.14,50.0,2.0,0
7-12 mo,$55-$75,Month-to-Month,Fiber Optic,0,Bank Transfer,1,0,0.0,8.0,55.35,55.35,0.0,332.1,65.0,3.0,1
7-12 mo,$55-$75,Month-to-Month,No Internet,0,Electronic Check,1,0,0.0,9.0,62.33,62.33,0.0,373.98,80.0,4.0,1
7-12 mo,$55-$75,One Year,No Internet,0,Bank Transfer,1,0,0.0,10.0,60.28,60.28,0.0,723.36,45.0,1.0,0
7-12 mo,$55-$75,One Year,No Internet,1,Electronic Check,2,0,0.0,8.5,69.16,138.32,0.0,829.92,32.5,2.5,0
7-12 mo,$55-$75,One Year,No Internet,1,Mailed Check,1,0,0.0,12.0,57.4,57.4,0.0,688.8,20.0,4.0,0
7-12 mo,$55-$75,Two Year,Fiber Optic,1,Credit Card,1,0,0.0,7.0,66.16,66.16,0.0,1587.84,40.0,4.0,0
7-12 mo,$55-$75,Two Year,Fiber Optic,1,Mailed Check,1,0,0.0,8.0,61.69,61.69,0.0,1480.56,40.0,3.0,0
7-12 mo,$55-$75,Two Year,No Internet,0,Mailed Check,1,0,0.0,8.0,72.13,72.13,0.0,1731.12,45.0,2.0,0
7-12 mo,$55-$75,Two Year,No Internet,1,Bank Transfer,1,0,0.0,12.0,67.92,67.92,0.0,1630.08,25.0,1.0,0
7-12 mo,$55-$75,Two Year,No Internet,1,Credit Card,1,0,0.0,10.0,69.68,69.68,0.0,1672.32,45.0,1.0,0
7-12 mo,$55-$75,Two Year,No Internet,1,Electronic Check,1,0,0.0,9.0,55.41,55.41,0.0,1329.84,40.0,3.0,0
7-12 mo,$55-$75,Two Year,No Internet,1,Mailed Check,1,1,1.0,11.0,64.5,64.5,64.5,1548.0,40.0,3.0,0
7-12 mo,$75-$90,Month-to-Month,DSL,1,Electronic Check,1,0,0.0,7.0,85.89,85.89,0.0,515.34,95.0,5.0,1
7-12 mo,$75-$90,Month-to-Month,Fiber Optic,0,Credit Card,1,0,0.0,7.0,85.08,85.08,0.0,510.48,85.0,3.0,1
7-12 mo,$75-$90,One Year,DSL,0,Bank Transfer,1,0,0.0,8.0,87.13,87.13,0.0,1045.56,55.0,4.0,0
7-12 mo,$75-$90,One Year,DSL,0,Mailed Check,1,0,0.0,7.0,81.05,81.05,0.0,972.6,55.0,2.0,0
7-12 mo,$75-$90,One Year,DSL,1,Bank Transfer,2,1,0.5,11.0,86.04,172.07,88.26,1032.42,50.0,2.5,1
7-12 mo,$75-$90,One Year,Fiber Optic,0,Electronic Check,1,1,1.0,12.0,86.81,86.81,86.81,1041.72,15.0,2.0,0
7-12 mo,$75-$90,One Year,Fiber Optic,1,Bank Transfer,2,0,0.0,9.5,87.75,175.5,0.0,1053.0,42.5,2.5,0
7-12 mo,$75-$90,Two Year,DSL,0,Bank Transfer,2,0,0.0,10.0,81.42,162.84,0.0,1954.08,25.0,1.0,0
7-12 mo,$75-$90,Two Year,Fiber Optic,0,Credit Card,1,0,0.0,9.0,89.62,89.62,0.0,2150.88,65.0,4.0,1
7-12 mo,$75-$90,Two Year,No Internet,0,Credit Card,1,0,0.0,8.0,86.43,86.43,0.0,2074.32,65.0,4.0,1
7-12 mo,$75-$90,Two Year,No Internet,0,Electronic Check,2,0,0.0,10.5,84.06,168.12,0.0,2017.44,52.5,3.0,1
7-12 mo,$75-$90,Two Year,No Internet,0,Mailed Check,1,0,0.0,7.0,80.88,80.88,0.0,1941.12,40.0,3.0,0
7-12 mo,$75-$90,Two Year,No Internet,1,Credit Card,1,0,0.0,10.0,84.93,84.93,0.0,2038.32,55.0,2.0,0
7-12 mo,$75-$90,Two Year,No Internet,1,Electronic Check,1,0,0.0,8.0,79.32,79.32,0.0,1903.68,60.0,2.0,1
7-12 mo,$90+,Month-to-Month,DSL,0,Bank Transfer,1,0,0.0,10.0,98.28,98.28,0.0,589.68,65.0,5.0,1
7-12 mo,$90+,Month-to-Month,DSL,1,Bank Transfer,1,0,0.0,7.0,100.5,100.5,0.0,603.0,85.0,2.0,1
7-12 mo,$90+,Month-to-Month,DSL,1,Mailed Check,1,0,0.0,11.0,105.86,105.86,0.0,635.16,65.0,3.0,1
7-12 mo,$90+,Month-to-Month,Fiber Optic,0,Bank Transfer,1,1,1.0,12.0,99.33,99.33,99.33,595.98,80.0,2.0,1
7-12 mo,$90+,Month-to-Month,Fiber Optic,0,Credit Card,1,0,0.0,10.0,101.12,101.12,0.0,606.72,95.0,3.0,1
7-12 mo,$90+,Month-to-Month,No Internet,0,Credit Card,1,0,0.0,8.0,95.58,95.58,0.0,573.48,70.0,1.0,1
7-12 mo,$90+,Month-to-Month,No Internet,0,Electronic Check,1,0,0.0,10.0,92.12,92.12,0.0,552.72,95.0,2.0,1
7-12 mo,$90+,One Year,DSL,0,Credit Card,1,0,0.0,10.0,96.32,96.32,0.0,1155.84,55.0,2.0,0
7-12 mo,$90+,One Year,DSL,1,Bank Transfer,1,0,0.0,10.0,106.61,106.61,0.0,1279.32,60.0,2.0,1
7-12 mo,$90+,One Year,DSL,1,Electronic Check,1,0,0.0,11.0,93.83,93.83,0.0,1125.96,70.0,3.0,1
7-12 mo,$90+,One Year,DSL,1,Mailed Check,1,0,0.0,11.0,104.34,104.34,0.0,1252.08,55.0,4.0,0
7-12 mo,$90+,One Year,Fiber Optic,0,Electronic Check,1,0,0.0,11.0,96.25,96.25,0.0,1155.0,55.0,1.0,0
7-12 mo,$90+,One Year,Fiber Optic,0,Mailed Check,1,0,0.0,7.0,95.78,95.78,0.0,1149.36,50.0,1.0,0
7-12 mo,$90+,One Year,Fiber Optic,1,Credit Card,1,0,0.0,12.0,103.67,103.67,0.0,1244.04,20.0,3.0,0
7-12 mo,$90+,One Year,No Internet,0,Bank Transfer,1,1,1.0,11.0,97.14,97.14,97.14,1165.68,35.0,3.0,0
7-12 mo,$90+,Two Year,DSL,0,Credit Card,2,0,0.0,9.5,94.98,189.97,0.0,2279.64,50.0,1.5,1
7-12 mo,$90+,Two Year,DSL,1,Electronic Check,1,0,0.0,10.0,93.97,93.97,0.0,2255.28,60.0,1.0,1
7-12 mo,$90+,Two Year,DSL,1,Mailed Check,1,0,0.0,12.0,92.73,92.73,0.0,2225.52,35.0,2.0,0
7-12 mo,$90+,Two Year,Fiber Optic,0,Credit Card,3,1,0.3333,10.3,101.72,305.16,90.84,2441.28,55.0,1.33,1
7-12 mo,$90+,Two Year,Fiber Optic,0,Mailed Check,1,0,0.0,8.0,90.47,90.47,0.0,2171.28,60.0,3.0,1
7-12 mo,$90+,Two Year,No Internet,0,Electronic Check,1,0,0.0,12.0,104.96,104.96,0.0,2519.04,50.0,3.0,0
7-12 mo,<$30,Month-to-Month,DSL,0,Mailed Check,1,0,0.0,11.0,20.55,20.5496,0.0,123.3,55.0,1.0,0
7-12 mo,<$30,Month-to-Month,Fiber Optic,0,Electronic Check,1,0,0.0,11.0,21.17,21.17,0.0,127.02,60.0,2.0,1
7-12 mo,<$30,Month-to-Month,No Internet,0,Electronic Check,1,0,0.0,8.0,23.87,23.87,0.0,143.22,70.0,2.0,1
7-12 mo,<$30,One Year,Fiber Optic,1,Credit Card,1,0,0.0,8.0,23.03,23.03,0.0,276.36,45.0,3.0,0
7-12 mo,<$30,One Year,No Internet,1,Credit Card,1,0,0.0,7.0,29.99,29.99,0.0,359.88,45.0,2.0,0
7-12 mo,<$30,Two Year,DSL,1,Electronic Check,1,1,1.0,9.0,20.55,20.5496,20.5496,493.19,20.0,2.0,0
